MSUSAM,MSUTDK,MSSWIT,MSJPAN,MSCNDA,MSAUST,MSNZEA,MSSWDN,MSNWAY,MSDNMK,MSGERM,MSITAL,MSFRNC,MSNETH,MSBELG,MSFIND,MSEIRE,MSHGKG,MSSARF,MSSING,MSASTR,MSINDI,MSINDF,MSMALF,MSMEXF,MSPHLF,MSPLND,MSPORD,MSKORE,MSSPAN,MSTAIW,MSTHAF,MSBRAZ,MSISRL
1062.116,1561.327,1356.356,3377.296,734.21,550.869,75.241,1956.396,1271.311,1982.223,1147.108,313.638,1389.427,2506.58,2645.126,51.036,137.422,7624.419,109.401,2592.986,1501.3,97.96,393.376,227.269,1411.226,339.148,102.324,60.641,123.003,568.322,152.351,427.692,307.666,104.146
1076.114,1523.247,1343.62,3524.124,775.5,593.714,80.935,2029.762,1265.375,1894.253,1206.745,316.916,1510.771,2588.287,2654.531,52.396,134.166,8409.487,114.505,2638.451,1588.255,100.374,425.177,238.554,1328.13,382.21,102.936,64.076,114.531,564.164,201.054,422.635,367.147,99.451
1098.308,1634.813,1430.811,4020.52,796.684,617.632,84.207,2051.086,1409.199,1918.882,1241.354,290.999,1580.787,2755.766,2887.779,57.152,158.885,8438.182,117.985,2637.541,1559.259,84.865,429.785,246.123,1508.279,355.164,120.361,64.55,121.297,600.098,217.371,392.591,378.215,105.222
1074.114,1683.174,1469.673,4735.78,825.056,622.142,89.155,2254.053,1479.944,2016.146,1224.743,354.049,1558.85,2745.974,2813.029,71.184,163.525,9083.491,122.086,2841.388,1542.707,79.367,442.427,287.497,1403.794,368.994,168.024,63.234,132.379,604.315,206.645,406.151,373.915,104.354
1101.624,1695.328,1581.702,4866.881,837.32,611.67,90.596,2491.484,1462.451,2059.579,1221.928,363.706,1519.239,2804.4,2772.831,73.569,164.565,9866.023,129.178,2931.439,1573.939,83.461,492.716,297.748,1387.304,362.476,365.101,70.035,140.801,592.613,192.589,395.56,420.681,104.995
1105.089,1677.875,1583.416,4800.049,831.745,598.292,92.479,2319.363,1401.596,2086.487,1182.005,355.54,1497.311,2784.463,2799.963,69.579,164.78,9515.265,129.89,2827.399,1570.332,84.465,520.916,286.209,1406.577,360.864,320.239,66.621,137.334,590.733,179.125,411.383,472.327,101.293
1103.94,1673.054,1578.439,5104.726,826.085,657.609,104.674,2383.172,1458.794,2010.03,1221.581,361.39,1516.4,2789.589,2739.977,74.866,160.689,9339.169,139.884,2845.79,1637.359,89.61,516.877,300.772,1485.291,387.293,363.225,64.98,132.551,554.596,175.735,425.913,476.935,90.06
1143.856,1790.659,1689.352,5216.737,832.554,685.945,114.902,2605.964,1598.38,2101.191,1358.192,405.918,1648.931,3073.784,2761.613,83.12,170.8,10019.957,127.758,3219.318,1813.644,101.733,633.957,329.901,1627.273,399.099,483.956,79.121,123.654,675.284,172.093,438.049,510.395,102.236
1132.651,1770.168,1746.892,4969.422,792.004,669.243,112.422,2647.03,1568.24,2175.698,1381.491,381.471,1634.984,3088.658,2793.408,83.443,168.502,10229.135,137.068,3362.678,1771.625,106.219,612.928,354.536,1570.067,440.911,494.854,74.381,132.287,657.114,169.28,450.031,549.584,112.798
1152.626,1839.64,1845.465,4947.448,866.506,745.502,127.579,2896.034,1746.517,2265.736,1464.168,368.009,1649.87,3272.96,2903.557,94.844,174.008,12605.785,142.654,3541.196,1900.992,104.455,638.269,411.206,1732.024,516.931,600.159,78.692,135.127,698.2,181.13,581.532,507.649,111.797
1144.907,1847.919,1858.095,4126.956,847.025,699.377,116.216,2551.05,1621.758,2197.838,1429.958,329.615,1599.123,3174.257,2951.47,89.801,176.352,12428.159,142.522,3501.988,1810.602,126.918,692.079,404.445,1912.278,537.896,663.432,75.914,147.772,633.701,197.375,604.261,546.818,113.107
1158.852,1986.182,2009.685,4258.443,885.893,776.254,129.855,2818.324,1740.694,2330.124,1513.484,371.639,1732.749,3345.307,3133.504,94.757,185.073,15844.995,172.979,4278.494,1945.71,134.639,788.756,488.738,2232.988,735.678,853.968,76.359,163.76,685.496,289.029,776.672,559.321,115.604
1201.082,2075.306,2195.605,4946.597,942.203,859.874,144.788,3304.317,1969.022,2531.723,1469.747,407.899,1801.014,3501.14,3275.765,116.859,208.005,15251.433,163.672,4175.296,1984.042,156.984,811.61,412.416,2409.705,661.405,1077.201,86.28,185.768,770.334,289.533,701.014,753.857,118.275
1167.437,1972.684,2067.28,5173.413,896.64,816.669,136.266,3149.278,2030.277,2541.755,1442.674,404.827,1767.547,3436.26,3262.225,115.075,192.929,13654.559,158.17,4163.006,1959.007,167.897,739.045,429.027,2193.955,645.652,1280.448,88.024,183.454,734.122,253.643,635.956,776.779,105.325
1117.015,1840.664,2043.667,4952.747,858.153,757.407,122.905,2955.321,1881.783,2507.035,1493.159,470.492,1687.742,3325.241,3220.381,111.019,186.035,12183.907,153.418,3762.754,1879.775,149.195,667.287,366.666,1943.393,624.075,889.679,89.663,167.34,701.256,248.008,585.069,796.852,98.662
1133.025,1907.568,2015.711,5164.502,848.952,785.463,131.226,3198.365,1890.827,2550.891,1583.168,519.505,1763.13,3513.516,3403.78,119.446,195.663,12235.32,182.13,4131.374,1858.384,145.755,600.817,404.313,1890.127,648.159,672.556,85.451,179.752,718.569,271.175,607.435,627.949,99.711
1152.004,1807.832,2019.191,5278.174,859.586,823.665,139.077,3155.393,1915.4,2358.377,1492.223,479.306,1680.894,3406.385,3334.188,112.481,186.15,13081.35,175.181,4161.489,1808.259,147.547,675.529,390.811,2036.944,708.531,684.867,77.413,187.669,718.23,273.101,662.047,624.68,84.681
1119.778,1814.115,2039.768,5539.133,804.282,781.972,131.107,2991.896,1826.717,2466.546,1497.143,447.963,1616.637,3377.901,3287.396,111.206,186.299,12021.199,175.679,4076.436,1945.416,155,618.234,397.299,1822.125,642.108,493.559,73.686,185.636,679.082,279.136,640.933,638.724,73.14
1157.778,1911.654,1993.443,5340.836,841.716,822.404,136.43,3191.99,2053.744,2589.828,1571.368,472.042,1777.041,3586.847,3444.511,124.479,201.412,12980.814,187.773,4180.694,1895.6,159.597,605.926,407.524,1979.101,664.519,601.892,78.488,185.925,720.356,319.923,709.608,753.636,80.993
1203.548,2021.119,2077.745,5377.84,889.695,862.05,147.67,3177.801,2056.566,2409.157,1629.612,462.782,1787.044,3717.294,3495.938,136.318,217.117,13716.993,200.25,4389.532,1967.133,172.434,693.123,453.024,2124.316,724.74,623.298,84.305,195.059,712.856,333.785,786.252,1023.49,84.376
1178.293,1927.851,2064.887,5245.729,909.901,816.387,145.635,3188.948,1932.392,2416.478,1533.462,463.149,1666.814,3616.269,3306.437,138.831,210.499,13133.071,206.57,4576.278,1869.372,162.817,665.747,450.787,2159.891,665.784,510.892,84.112,224.919,692.788,344.435,756.245,1104.556,86.547
1205.588,2040.044,2085.405,5390.227,898.931,839.503,155.073,3494.786,2042.428,2464.999,1619.585,438.892,1726.972,3861.739,3434.08,155.986,215.274,13232.096,223.103,4796.055,1808.326,161.317,685.961,447.356,1983.764,717.451,420.185,87.625,226.127,713.698,318.16,789.77,1023.345,88.694
1164.663,1951.516,2041.953,5119.628,849.475,808.455,148.998,3400.162,2008.203,2365.327,1535.039,408.717,1709.188,3667.826,3378.453,140.534,204.639,11624.948,220.322,4529.505,1775.523,155.914,610.639,409.501,2003.765,670.783,434.951,86.259,216.1,701.943,309.659,703.241,982.156,78.636
1182.011,1953.823,2093.739,5179.029,864.359,826.565,143.193,3348.09,2159.654,2429.113,1590.864,416.728,1651.299,3768.681,3428.873,144.48,211.9,11265.848,227.335,4564.381,1827.927,148.007,584.343,390.348,1327.464,677.685,386.74,85.5,202.526,658.589,349.077,706.554,926.97,78.201
1214.883,1924.215,2077.578,4877.629,820.61,777.447,147.948,3368.192,2179.976,2464.131,1561.298,445.139,1613.388,3816.075,3415.091,142.961,213.895,9941.959,193.815,4202.32,1760.192,138.841,534.747,350.715,1037.234,583.668,316.052,78.134,183.958,653.314,306.261,623.24,848.133,78.716
1263.074,1935.323,2202.783,4642.724,866.176,802.985,150.834,3427.168,2101.258,2537.72,1694.27,405.263,1641.124,3927.053,3521.787,143.888,221.506,11466.719,208.721,4367.758,1848.398,131.504,579.448,398.156,789.934,588.376,332.963,83.723,180.032,670.108,315.726,665.121,722.478,69.72
1297.222,2081.291,2345.228,5070.678,903.395,795.512,156.234,3374.005,2071.951,2525.044,1656.127,382.263,1858.135,4129.048,3742.53,139.767,224.633,11759.903,237.087,4468.573,1860.842,126.544,547.956,399.491,804.288,566.876,325.18,89.476,196.551,656.97,318.123,637.413,628.919,79.594
1338.256,2110.527,2391.172,5318.893,919.573,849.902,174.05,3682.388,2246.184,2648.038,1727.01,421.617,1877.721,4271.705,3989.319,157.668,229.825,11428.09,242.537,4531.046,1851.27,120.147,523.91,394.801,957.164,573.449,455.928,89.224,196.814,712.027,290.495,643.185,749.961,83.782
1390.833,2159.658,2504.567,4989.771,958.24,831.326,170.225,3737.931,2211.996,2762.373,1742.111,423.24,1899.515,4328.908,3982.189,163.981,232.174,12933.166,236.779,4825.266,1954.026,125.038,608.184,439.004,929.584,667.294,413.91,89.519,195.399,746.26,283.448,748.131,751.129,85.258
1425.372,2162.096,2579.337,4752.091,975.082,822.777,167.125,3905.682,2319.529,2719.553,1792.108,410.949,1868.446,4377.559,3992.887,187.88,242.657,12724.838,237.408,4590.516,1980.176,120.954,634.644,431.463,1028.807,668.425,445.304,89.353,198.595,757.969,269.256,741.653,732.695,90.665
1474.114,2283.015,2606.79,5131.043,992.815,900.206,174.759,4178.863,2425.1,2911.914,1898.964,443.396,1954.579,4629.496,4128.03,208.274,250.436,12982.956,241.047,4685.432,1992.538,126,651.884,440.799,1123.157,679.189,426.208,90.55,206.361,814.188,254.941,728.751,759.925,91.491
1474.553,2229.176,2544.058,4925.43,993.952,917.716,167.982,4068.921,2285.915,2760.299,1797.031,433.109,1830.983,4355.309,3900.12,204.691,250.404,12553.786,242.603,4457.179,1842.146,121.463,619.729,415.708,1161.574,641.421,409.385,83.298,199.214,787.587,230.352,689.754,800.397,95.98
1541.034,2296.67,2765.713,4967.865,989.825,912.758,171.424,4632.482,2368.415,2806.377,1822.527,429.144,1797.279,4569.305,4044.852,213.751,256.851,13305.281,248.8,4435.221,1851.453,117.977,602.42,407.882,1091.488,611.329,438.275,86.863,217.984,789.588,241.943,686.174,840.725,97.768
1540.647,2294.263,2883.228,4690.642,981.959,890.893,178.069,4436.546,2254.017,2814.326,1801.055,408.94,1825.707,4505.696,4058.725,182.952,252.008,13334.027,254.436,4424.515,1765.201,114.893,611.048,385.42,947.652,561.94,393.584,86.667,221.705,765.547,232.277,675.038,762.712,92.146
1608.724,2308.149,2920.913,4968.914,1019,910.13,172.948,4590.136,2242.183,2829.618,1805.357,386.39,1817.561,4651.811,4130.786,179.644,253.429,13370.614,260.248,4526.207,1703.241,98.202,583.654,386.148,1029.61,559.34,385.102,83.315,204.105,824.62,228.458,634.533,761.545,92.443
1633.386,2369.333,3036.661,5223.576,1029.112,929.583,175.277,4488.896,2300.198,2900.698,1861.355,423.641,1895.182,4856.857,4365.785,151.646,259.33,13808.176,272.766,4858.999,1747.07,102.215,638.013,408.607,1057.033,599.565,375.956,86.042,195.793,863.742,246.722,680.01,748.557,96.636
1692.017,2365.789,2855.244,5155.538,1083.024,958.405,177.157,4381.649,2258.198,2997.558,1942.424,443.112,1973.007,4889.128,4465.504,149.925,263.815,15587.928,296.91,5118.169,1849.145,92.39,722.79,423.596,1184.103,660.384,499.149,93.698,191.169,871.665,229.013,742.428,878.213,95.587
1709.998,2385.123,2983.453,5064.366,1073.91,989.684,179.884,4812.138,2331.818,3039.928,1960.424,439.089,1996.968,4999.835,4420.499,146.893,267.505,15414.139,273.5,5172.458,1842.489,112.837,734.975,439.429,1075.752,649.759,503.201,96.867,187.825,930.487,233.276,700.915,843.594,99.486
1727.687,2372.008,3245.995,5243.706,1095.467,986.219,182.245,4926.102,2376.659,2966.301,1953.712,422.032,2057.382,5150.854,4318.816,147.439,277.954,15428.45,268.104,5093.853,1827.856,114.001,723.413,467.565,1162.024,637.353,498.523,98.342,191.873,917.819,246.045,690.361,832.951,91.225
1753.61,2418.213,3120.311,5542.462,1141.137,1035.627,181.942,4874.912,2520.503,2948.013,1883.169,479.908,2095.442,5176.99,4433.749,147.455,286.866,15464.086,257.353,5128.224,1840.239,128.136,782.745,492.101,1228.793,656.899,523.195,95.342,214.227,953.965,307.544,706.459,850.708,96.669
1800.809,2446.498,3016.938,5257.828,1159.711,1028.644,172.026,5094.046,2550.574,2958.919,1910.831,477.445,2073.044,5420.142,4508.578,163.062,298.161,15928.254,251.018,4874.021,1941.08,123.335,760.409,472.922,1237.073,730.218,497.546,100.259,188.53,947.289,297.438,718.019,916.468,92.599
1811.811,2432.221,3168.183,5286.238,1128.462,995.66,179.577,5164.637,2556.595,3038.678,1950.475,479.532,2111.173,5436.043,4532.983,155.826,302.099,15559.034,253.283,4702.435,1823.051,128.397,745.679,474.814,1223.059,743.393,571.6,105.551,167.294,987.833,338.067,677.246,961.213,89.854
1732.479,2449.195,3105.636,5050.132,1094.479,949.936,188.257,4954.958,2438.379,3088.209,1956.73,444.305,2053.228,5353.283,4587.62,157.818,292.57,14850.663,232.631,4343.999,1783.584,117.803,664.61,445.926,1143.965,687.684,545.44,106.964,161.219,943.424,311.067,579.927,951.216,81.153
1771.655,2576.079,3241.777,4825.021,1143.894,1011.755,193.302,5288.384,2504.13,3203.675,2002.543,441.087,2011.734,5447.015,4634.449,175.469,305.147,15336.855,235.215,4442.755,1800.969,115.446,688.748,470.156,1249.648,728.143,592.481,110.995,152.686,964.369,324.067,589.532,969.204,85.438
1871.283,2635.71,3164.895,4992.783,1189.779,1013.653,192.628,5510.127,2519.39,3196.2,2016.292,469.609,2123.515,5589.199,4697.038,177.394,318.464,16383.495,238.116,4435.332,1749.219,106.139,734.153,478.072,1247.852,711.512,616.857,108.222,150.821,988.829,331.774,589.746,988.224,87.292
1919.512,2760.599,3156.899,4658.381,1283.448,1053.49,205.432,5752.779,2614.389,3303.924,2035.435,443.92,2169.343,5732.744,4769.879,181.763,328.224,17072.71,233.4,4285.373,1761.886,103.834,728.811,488.059,1173.142,657.089,559.145,110.36,141.342,1020.501,321.288,476.23,1014.623,84.477
2064.995,2917.921,3184.992,4747.817,1377.418,1097.51,208.428,6141.796,2805.445,3387.112,2116.84,479.259,2285.227,6094.523,4915.538,197.057,338.092,18471.015,229.093,4446.682,1803.938,94.665,793.536,508.004,1223.415,689.693,578.615,112.186,138.743,1107.239,340.174,487.615,1015.544,89.803
2026.293,3019.034,3123.033,4420.198,1330.42,1095.366,208.136,6194.552,2972.982,3549.816,2124.17,480.552,2308.592,6241.91,4939.402,204.3,342.324,18375.39,223.497,4525.455,1832.154,99.994,813.531,512.989,1254.74,705.976,597.238,117.382,121.12,1220.225,346.149,431.166,1066.7,94.462
2165.497,2930.314,3217.538,3939.634,1396.336,1051.783,208.441,6340.775,3130.22,3697.109,2115.712,531.766,2361.306,6195.378,5061.932,218.062,338.386,17980.63,230.79,4621.834,1758.556,109.021,863.792,521.158,1362.739,774.058,651.539,129.124,127.513,1200.443,360.954,406.118,1190.789,107.521
2181.224,3022.029,3258.87,4032.208,1385.783,1083.083,196.271,6317.404,2987.071,3675.646,2203.82,475.664,2374.112,6450.307,5142.948,214.988,347.816,17951.34,252.242,4572.774,1763.723,116.547,873.801,543.986,1411.359,746.762,694.538,130.628,121.383,1158.649,382.909,371.817,1312.608,110.692
2084.009,3053.945,3449.408,3899.904,1316.716,1080.155,194.213,6618.043,3077.539,3791.425,2366.458,487.8,2448.304,6608.942,5221.716,216.344,343.399,16760.853,255.15,4223.676,1783.581,107.132,809.266,513.589,1383.077,726.135,640.807,134.899,119.042,1206.302,379.062,369.769,1299.77,105.44
2221.712,3110.097,3534.145,4041.873,1348.11,1110.39,196.382,6067.362,2939.001,3678.408,2281.958,494.973,2349.482,6544.914,5277.949,216.702,332.339,17035.002,256.227,4000.613,1710.642,120.719,785.441,455.955,1389.687,603.669,602.138,135.216,123.177,1277.308,403.181,353.326,1404.712,107.354
2347.995,3252.271,3799.211,4488.853,1461.317,1131.571,209.399,6544.564,3061.43,3957.315,2379.287,489.734,2330.925,6965.112,5409.94,225.067,347.596,19187.281,249.864,4259.955,1803.711,119.21,841.636,465.488,1471.361,627.478,582.723,144.645,132.802,1376.603,387.026,312.979,1494.618,116.714
2455.442,3297.525,4110.323,4824.911,1487.599,1169.454,221.199,7116.955,3146.419,4040.596,2484.787,536.438,2525.582,7514.923,5525.939,240.54,358.186,20169.665,260.644,4188.233,1785.809,137.572,862.102,453.289,1640.061,623.539,549.024,155.2,135.201,1477.932,439.619,285.748,1643.939,118.961
2650.06,3451.818,4172.999,4678.481,1584.911,1161.249,217.042,7452.191,3192.676,4302.473,2728.259,567.653,2570.021,8132.346,5608.227,266.73,378.807,21429.93,262.973,4079.882,1897.274,139.872,782.149,409.043,1890.152,546.835,514.729,156.46,130.262,1396.092,476.585,313.392,1690.897,128.447
2493.214,3395.429,3786.485,4273.281,1501.931,1082.213,204.153,7050.746,3208.128,4091.086,2458.778,553.059,2375.88,7334.033,5193.617,243.901,379.615,18620.824,251.705,3728.788,1781.46,124.716,465.049,285.516,1737.883,387.071,568.952,146.703,126.035,1368.133,456.982,208.415,1433.753,120.921
2623.869,3689.897,4175.496,4209.23,1590.105,1134.923,213.839,7896.116,3560.322,4564.377,2648.581,633.417,2628.186,7981.679,5499.105,289.304,391.538,19800.246,247.263,3871.879,1913.7,126.895,499.091,264.7,1998.778,341.135,596.999,166.58,113.563,1565.127,403.085,233.223,1588.535,126.282
2552.82,3549.853,4151.435,3817.695,1515.517,982.555,195.563,7106.867,3453.576,4365.552,2464.031,595.349,2453.219,7638.675,5468.017,267.989,383.973,14085.049,220.165,3131.34,1870.37,122.577,425.046,209.494,1628.14,299.15,504.269,161.25,78.068,1415.531,315.475,153.898,1205.588,115.417
2676.92,3567.331,4282.885,3583.906,1470.067,962.611,189.549,7275.208,3219.115,4416.262,2549.955,610.346,2505.811,7578.163,5526.441,255.487,380.925,13896.812,209.973,3416.716,1744.776,109.36,323.488,164.958,1786.175,293.115,450.571,168.537,58.532,1500.712,318.447,138.215,1241.609,117.969
2716.982,3701.959,4523.406,3379.349,1507.809,991.087,181.048,7029.422,3173.362,4792.761,2656.228,655.39,2595.003,7771.263,5654.246,240.649,396.557,14096.482,205.21,3165.589,1867.984,111.263,211.057,164.243,1931.316,264.122,463.49,172.963,40.371,1539.804,324.371,114.553,1358.364,118.092
2752.48,3881.81,4697.004,3681.389,1481.417,1057.424,178.612,7213.414,2927.742,4810.358,2736.999,715.398,2688.376,7848.157,5869.58,260.384,423.346,12132.877,213.871,2598.546,1931.884,99.721,138.365,145.806,1660.191,261.295,456.482,190.867,68.872,1663.92,306.889,153.771,1243.665,107.975
2946.083,4151.048,5144.554,3701.101,1607.625,1076.738,183.3,7895.693,3002.461,4928.747,2912.116,745.794,2915.176,8653.949,6154.926,309.622,470.661,14536.028,224.427,3270.122,2070.097,110.227,159.027,218.778,1718.176,334.358,583.423,211.804,64.654,1878.025,372.114,184.61,1338.247,112.797
3099.36,4370.304,5257.38,3449.814,1729.323,1080.842,175.995,8453.808,3254.872,5513.722,3108.863,892.523,3240.971,8931.77,6676.108,323.027,489.91,14234.918,239.806,3239.738,2174.949,118.256,187.383,213.137,1808.201,356.276,549.947,229.634,64.229,2128.765,352.244,164.26,1463.526,120.795
3136.193,4379.814,5231.906,3436.352,1738.194,1065.601,176.215,8874.721,3433.224,5283.041,3224.75,874.571,3347.429,9241.94,7136.349,382.346,529.117,12729.687,260.815,3031.675,2361.669,120.726,164.003,179.618,1848.862,320.97,604.169,247.454,62.566,2193.455,319.047,148.231,1405.776,120.806
3073.75,4218.125,5457.905,3247.981,1717.668,1005.075,164.644,9148.445,3160.178,5432.523,3484.611,920.175,3522.303,9731.716,7572.138,376.602,506.238,10992.932,229.555,2502.996,2496.988,106.968,107.892,148.224,1600.753,309.9,530.513,242.234,47.004,2211.255,289.011,107.607,1186.732,129.37
3206.355,4283.102,5460.558,3294.09,1648.979,1008.029,143.696,9094.714,3052.772,5314.273,3631.596,874.769,3605.62,9570.141,8128.861,399.397,504.44,10410.386,176.114,2184.809,2317.85,93.66,88.953,114.865,1501.891,253.391,535.053,224.325,42.632,2220.697,271.038,77.847,1141.792,127.75
3175.11,4197.39,5861.54,3251.192,1532.267,1002.528,156.078,9056.457,3100.898,5474.348,3719.183,962.71,3643.219,9632.018,8535.021,444.956,493.559,9638.964,173.092,2163.757,2355.226,92.654,113.127,102.61,1483.368,228.95,579.464,242.943,55.783,2347.969,266.513,81.598,1253.497,125.864
2733.618,3893.325,4945.294,2880.931,1198.752,867.472,124.808,7674.776,2240.689,4861.044,3109.223,826.649,3226.73,8451.974,7905.249,358.242,424.412,8994.788,120.276,1736.332,1940.042,84.918,86.704,74.248,975.303,166.809,377.689,209.831,46.559,1840.624,221.424,60.646,781.82,110.608
2913.732,3813.977,4518.151,2802.783,1230.228,925.419,117.599,7009.933,2153.338,4646.31,3069.687,789.083,3016.323,7963.312,7751.837,377.813,435.764,10472.45,141.832,1965.728,1736.097,89.084,64.071,69.209,1161.979,188.751,392.748,191.108,45.408,1804.882,240.132,82.744,815.629,107.125
3139.696,4046.441,5175.858,3273.388,1355.3,1005.389,133.385,7461.314,2516.474,5001.679,3198.992,840.653,3328.902,8420.322,8296.947,423.839,460.372,13952.144,169.419,2431.51,1950.779,82.356,99.685,76.404,1301.408,270.651,428.679,222.691,59.825,2097.399,270.984,114.673,848.43,101.916
3353.374,4227.302,5433.324,3423.598,1405.61,1068.515,141.517,8173.545,2346.778,4763.287,3365.556,927.684,3539.045,8865.818,8569.144,453.403,485.237,13928.716,162.78,2792.345,1851.93,80.875,153.732,96.107,1221.238,308.874,401.244,215.453,71.031,2245.225,288.521,133.176,997.352,109.414
3551.723,4360.876,5611.357,3556.672,1421.894,1061.046,142.159,8051.552,2231.919,5242.207,3450.013,1004.06,3686.389,9631.268,9540.314,535.768,536.644,13685.53,148.655,2758.001,1882.412,87.63,144.515,113.645,1283.802,299.659,432.485,221.214,97.354,2318.636,257.427,127.796,820.139,112.071
3705.311,4315.792,5481.827,3583.038,1540.284,1125.754,156.397,8530.783,2464.519,5058.54,3508.098,951.814,3794.455,8912.237,9240.77,591.369,545.676,12774.699,157.092,2769.881,1770.642,98.09,139.978,115.385,1267.457,296.717,506.77,230.063,100.613,2279.981,249.82,130.845,590.151,115.157
3601.942,4411.597,5305.303,3504.969,1453.051,1097.993,156.749,8328.604,2240.507,4624.37,3219.623,938.19,3546.847,8855.113,8826.475,558.013,544.501,12901.947,156.31,2736.137,1869.608,94.806,134.161,127.097,1391.873,298.69,406.05,214.52,89.294,2237.09,261.812,118.393,632.676,117.749
3751.828,4549.163,5248.037,3991.689,1513.467,1144.93,153.338,8496.307,2461.692,4546.636,3133.53,974.808,3613.631,8950.501,8328.368,632.677,535.283,14594.619,168.184,3040.316,1864.759,110.748,137.545,117.634,1652.878,314.321,442.46,200.119,105.315,2154.957,287.198,125.474,865.373,130.488
3887.652,4725.191,5236.044,4158.875,1667.953,1263.019,177.764,8981.594,2659.612,4878.159,3338.129,945.844,3709.413,9525.131,8063.158,628.448,550.032,17849.691,188.329,3762.997,1944.853,96.985,192.019,163.444,1847.679,389.633,498.527,187.783,133.297,2165.877,312.259,179.72,970.581,131.341
3797.28,4463.555,4973.276,3925.02,1622.609,1160.05,148.308,8793.437,2512.687,4743.652,3136.296,895.42,3624.219,8984.076,7618.972,594.905,486.85,16420.134,168.166,3819.595,1702.301,115.194,232.487,182.366,1800.944,369.437,502.522,191.889,133.561,2158.907,299.271,172.188,934.949,135.6
4001.631,4475.278,4893.621,4297.07,1690.761,1218.619,153.304,9643.58,2470.434,4798.009,3311.709,875.222,3734.384,9014.27,7712.811,689.854,475.723,17990.706,193.515,4423.415,1779.015,119.932,304.833,201.69,1955.315,381.471,565.947,181.659,173.177,2170.289,366.209,202.256,973.741,140.701
3872.025,4543.129,5088.437,4726.64,1703.529,1218.528,159.552,10035.81,2578.048,5135.76,3259.876,847.393,3755.485,9308.544,7799.748,701.403,495.345,17411.915,187.162,4484.346,1790.011,133.047,263.402,192.471,1767.474,344.592,580.88,186.053,180.232,2076.072,322.251,176.536,878.249,136.417
3847.674,4525.544,5084.491,4694.197,1676.499,1150.764,153.576,9993.769,2682.635,5153.142,3317.514,866.465,3893.108,9528.765,8198.209,677.073,487.617,17571.466,185.102,4470.236,1793.327,145.408,223.83,224.741,1709.639,312.323,567.568,181.038,183.654,2128.489,361.931,171.304,843.939,124.151
3733.527,4452.511,5074.386,4979.592,1725.473,1156.238,142.648,9933.525,2742.028,5311.449,3274.002,884.447,3934.245,9187.078,7954.237,717.041,467.112,16869.091,187.682,4396.37,1699.502,145.315,197.887,195.762,1687.006,291.234,445.952,178.117,156.555,2098.865,338.075,137.615,887.607,127.148
3977.809,4582.631,5168.779,5193.63,1842.08,1130.239,145.338,11077.441,2609.814,5381.941,3452.416,857.501,4152.223,9507.389,7923.618,859.543,455.093,17752.646,196.019,4625.48,1679.501,135.031,265.932,221.514,1776.861,296.419,460.276,181.643,158.477,2124.003,349.766,156.736,917.902,134.731
4063.205,4639.187,5130.984,5416.895,1916.881,1191.044,149.522,12270.15,2676.041,5567.875,3549.409,878.21,4290.38,9450.91,7695.623,1040.12,460.693,20057.478,205.618,4909.384,1605.018,143.462,233.121,219.011,2026.336,282.598,477.933,183.473,193.063,2307.691,353.339,163.928,1090.464,150.546
4346.659,4903.816,5241.525,5753.649,2195.339,1259.14,162.481,14540.936,2955.724,5895.919,4158.332,1005.974,4780.992,10347.337,8228.562,1357.285,468.849,21831.619,233.692,5499.45,1719.457,164.174,279.576,243.58,2311.724,309.613,568.732,202.512,187.324,2440.925,393.125,188.064,1371.538,178.952
4113.942,4454.719,4667.493,5505,2202.675,1214.671,142.932,14651.266,2720.651,5579.886,4014.758,954.66,4465.643,9115.79,6696.331,1358.358,442.926,20173.284,227.346,4767.785,1569.352,181.829,244.806,279.792,2076.829,282.771,590.387,200.436,189.81,2251.987,457.403,182.756,1313.643,180.027
4016.239,4314.066,4565.484,5362.813,2334.68,1186.914,136.837,18007.722,2725.615,5785.305,4435.271,1071.749,4866.925,9701.302,6413.349,1474.888,431.445,21359.109,221.051,4339.186,1497.085,215.128,222.06,300.415,2360.86,237.794,679.424,223.611,162.698,2477.687,437.873,140.953,1369.221,228.452
4417.244,4631.975,4936.468,5805.619,2543.835,1177.435,142.247,17128.782,2748.818,6320.649,4365.176,1004.684,4921.15,9989.361,6430.282,1515.243,460.222,21933.701,210.211,4345.172,1535.586,193.045,220.045,297.808,2416.063,235.19,676.696,206.705,182.746,2473.983,454.881,155.674,1422.796,207.047
4274.448,4438.767,4769.106,5369.602,2450.995,1146.547,141.048,16958.676,2587.789,5745.316,3988.455,939.48,4760.118,9659.573,6253.578,1559.6,418.526,19880.897,191.689,4607.067,1456.04,162.706,190.93,274.764,2150.746,217.871,571.781,188.876,161.85,2296.045,402.857,146.307,1233.534,201.734
4161.501,4288.897,5033.177,5096.839,2405.521,1106.652,128.256,16214.985,2695.626,6135.336,3865.609,981.062,4889.264,9923.244,6492.864,1417.843,396.129,17612.19,186.451,3746.649,1508.195,143.398,141.505,283.267,1933.241,196.727,570.004,187.893,159.511,2228.305,411.18,115.679,1218.802,210.811
4261.432,4328.873,5228.905,5447.801,2708.193,1268.223,135.905,15958.136,2919.953,6128.464,3855.597,1048.134,5075.429,10477.956,6934.158,1390.529,385.422,18982.181,197.967,4252.918,1560.006,158.694,157.932,253.65,2174.039,198.386,577.328,198.974,181.89,2290.766,382.35,120.39,1369.287,226.453
4185.351,4358.265,5247.746,4820.966,2790.808,1191.94,132.579,15397.575,2890.689,6258.214,3842.299,1004.575,4994.129,10026.534,7018.599,1218.552,361.79,20271.182,193.876,4255.148,1560.197,141.5,148.485,242.03,2124.473,169.796,551.744,194.776,152.711,2231.304,373.26,93.554,1355.38,229.142
4403.062,4404.546,5131.699,5133.643,3036.521,1205.437,123.061,15215.946,3065.242,6622.64,3666.807,991.854,4874.017,10014.369,6903.977,1187.844,364.006,20455.088,215.175,4401.264,1517.398,147.777,150.282,239.912,2223.896,183.787,524.116,187.989,147.862,2188.08,349.759,106.62,1389.776,262.857
4163.637,4283.913,4851.2,4879.118,2730.337,1153.274,110.789,13233.843,3003.371,6497.717,3476.383,934.579,4564.718,9631.993,6627.456,1084.555,391.426,18782.584,202.719,4028.49,1525.566,131.679,129.549,211.318,2051.977,169.664,462.776,185.328,129.469,2210.627,293.527,85.708,1301.095,270.036
4134.069,4314.24,4895.257,4596.729,2492.21,1079.838,102.475,12347.054,2924.197,6201.391,3502.764,957.132,4456.764,9557.058,6534.732,1079.188,392.629,17525.041,186.097,4025.275,1443.117,120.409,114.441,225.453,2096.426,140.546,412.342,167.504,104.988,2048.843,255.469,82.903,1199.287,237.442
3807.643,4060.54,5102.521,4406.296,2269.298,1104.706,108.815,11137.45,2819.17,5895.795,3246.557,976.121,4250.866,9481.838,6315.761,1093.619,382.464,16910.765,173.195,3950.957,1388.803,129.145,117.564,220.211,1882.546,155.604,452.297,168.762,98.102,1900.813,235.774,86.307,1065.183,205.958
3801.778,4338.29,5575.773,4138.857,2319.254,1144.74,108.782,11486.597,2944.554,6114.477,3523.562,997.744,4586.859,9970.487,6891.032,1167.17,409.151,18613.259,193.525,3974.864,1522.36,128.478,106.516,204.718,1838.072,170.248,545.78,182.473,94.371,2061.685,216.621,82.246,1215.556,228.612
3940.799,4266.842,5457.706,4089.682,2432.939,1190.977,119.23,12379.819,2996.611,6831.821,3655.034,1015.165,4595.985,9903.133,6717.062,968.379,415.493,19155.872,205.069,3986.821,1567.358,139.776,117.49,220.986,2115.28,202.14,539.133,193.944,120.342,2259.843,279.973,107.641,1377.035,227.463
3588.647,3984.492,5097.269,3905.828,2045.501,1137.805,112.057,10365.148,2947.352,6213.979,3359.451,913.206,4081.088,9259.763,6724.971,660.843,411.765,18718.254,205.904,3893.704,1669.192,134.69,116.127,215.891,1970.736,191.812,475.114,182.079,111.791,2131.849,259.68,103.652,1235.316,194.507
3359.872,3804.623,4601.655,3792.919,1858.976,1018.786,112.616,8060.633,2714.256,5632.015,3008.148,855.713,3797.308,8424.865,6119.18,677.379,380.397,16746.421,178.052,3237.268,1590.229,110.976,94.453,196.959,1907.293,168.108,442.845,165.496,96.686,2013.156,255.681,86.102,1095.243,157.849
3621.65,4043.333,4725.202,4050.79,1991.653,1138.834,124.037,9298.254,2923.479,5786.05,3219.865,903.144,4138.731,9025.392,6076.247,902.705,396.571,16741.277,198.944,3275.035,1627.39,108.469,79.09,176.903,2090.144,161.787,464.817,166.266,110.218,2112.748,237.629,88.491,1151.313,179.394
3643.445,3908.827,4670.336,4041.107,2028.982,1145.562,112.325,8789.181,2909.669,5783.622,3021.649,827.03,3878.715,8695.534,5824.014,800.431,409.411,16551.804,210.464,3139.067,1534.882,112.837,97.252,172.88,2264.283,165.052,474.333,150.434,118.565,1970.445,221.304,89.283,1091.743,170.936
3560.065,3775.585,4477.052,3800.541,1952.276,1183.7,114.757,8310.765,2808.24,5683.484,3005.458,794.532,3737.324,8490.314,5992.442,647.542,421.102,15666.82,202.899,3191.635,1499.278,107.006,102.764,179.423,2299.503,163.594,409.54,139.965,111.873,1831.187,214.714,91.306,1075.684,169.853
3526.865,3779.322,4433.875,3517.391,1943.584,1122.626,118.763,8383.923,2781.224,5878.527,3019.375,811.526,3755.895,8417.506,6386.623,632.905,411.6,15633.135,178.962,3152.509,1607.982,103.506,125.053,202.504,2223.172,156.425,363.47,145.142,103.899,1826.662,192.431,81.916,998.787,170.129
3292.648,3743.486,4429.637,3429.435,1838.407,1129.913,122.832,7910.315,2740.915,5556.749,2804.191,803.202,3627.478,8389.005,6513.912,490.427,402.971,14557.801,187.493,3184.335,1615.799,102.064,130.87,212.774,2165.513,149.014,346.528,140.162,107.341,1858.235,199.53,98.128,913.635,151.803
3040.927,3497.203,4225.197,3111.391,1667.555,989.585,102.44,6634.019,2334.946,5070.537,2348.639,692.546,3203.475,7271.367,5891.442,487.151,353.992,12310.163,159.005,2533.637,1463.528,87.862,105.244,190.423,1827.985,136.815,311.966,139.719,89.902,1646.731,156.283,80.37,761.231,123.542
3085.453,3564.701,4221.508,3104.92,1669.882,1077.369,109.911,7139.236,2366.961,5172.2,2451.925,714.636,3364.088,7295.725,5695.523,610.552,360.85,12737.741,162.108,2555.938,1363.059,93.744,95.282,185.035,1943.263,119.653,390.905,144.605,103.996,1722.36,172.823,77.128,803.315,134.36
3323.252,3642.407,4313.433,3138.577,1823.667,1161.788,121.174,8184.174,2481.351,5229.042,2667.151,727.902,3463.252,7621.071,5879.637,671.467,378.632,14414.08,166.445,2750.587,1430.331,103.342,91.759,196.705,2010.832,132.445,399.711,143.239,130.33,1837.37,196.509,88.383,883.795,149.513
3344.37,3728.844,4400.502,2926.88,1853.024,1175.192,119.121,8412.686,2600.205,5234.781,2748.614,737.326,3573.616,7814.935,6190.151,725.83,398.099,15148.618,160.227,3044.022,1445.54,103.487,97.48,214.049,2178.963,137.404,396.017,143.063,140.339,1834.739,239.305,86.565,1009.02,157.415
3297.208,3571.653,4156.265,2697.803,1839.669,1178.379,124.539,7611.358,2500.85,4956.312,2624.34,711.155,3346.798,7510.196,5860.144,664.478,343.326,14879.965,167.297,3415.419,1450.646,105.312,119.057,225.442,2369.072,160.603,447.15,133.756,151.269,1697.943,250.482,102.958,944.968,149.621
3232.827,3554.423,4276.276,2809.885,1820.756,1186.132,121.576,7773.655,2596.226,5075.234,2589.72,709.516,3375.386,7530.657,5797.071,632.088,313.485,14301.344,176.259,3284.205,1492.998,111.946,120.464,221.827,2308.679,164.678,414.241,130.952,166.817,1722.046,238.586,111.682,1079.682,131.475
3353.375,3718.913,4553.756,2973.761,1886.592,1228.464,126.722,8074.06,2817.958,5275.622,2797.28,754.643,3554.38,8186.486,5934.2,639.859,334.109,15168.552,179.79,3450.118,1598.425,111.309,135.114,239.899,2555.671,165.663,410.039,137.5,181.914,1758.147,259.981,111.427,1080.605,131.58
3135.884,3730.775,4684.798,3146.886,1872.031,1213.412,127.104,7313.866,2840.056,5088.723,2716.873,760.409,3501.528,8157.761,6209.043,530.281,340.608,16029.234,196.016,3350.307,1718.182,106.388,160.291,253.261,2514.184,151.855,425.462,139.124,181.91,1807.514,254.349,111.595,1071.34,108.577
3112.559,3669.779,4866.948,3343.084,1913.117,1289.579,142.767,7219.735,2919.84,5208.866,2693.572,747.341,3520.247,8221.346,6404.864,493.841,357.568,15371.777,215.738,3287.211,1735.154,99.704,171.684,236.286,2312.014,144.931,437.534,140.657,182.518,1815.727,244.267,125.931,991.681,114.111
2875.354,3514.789,4673.944,3168.994,1805.303,1227.987,140.642,7032.68,2836.506,5272.172,2614.951,753.694,3422.83,7969.007,6295.121,500.356,338.099,14442.02,193.89,3081.875,1755.569,102.713,161.083,232.995,2076.78,125.932,376.958,139.407,175.759,1649.614,223.842,119.072,809.138,109.253
2668.65,3278.182,4112.068,2948.876,1602.597,1135.963,129.62,6004.111,2550.163,4599.705,2183.234,677.437,2964.666,6552.012,5437.114,428.29,296.831,13846.859,163.45,3019.358,1591.645,95.463,149.782,232.484,1929.706,122.218,329.581,122.28,171.139,1476.909,210.107,112.49,574.843,112.835
2681.354,3243.989,4106.56,2917.643,1622.85,1164.471,136.611,5972.137,2503.25,4747.559,2192.703,686.909,2917.62,6690.759,5473.385,445.812,310.988,13170.406,169.076,3012.779,1589.919,101.414,144.938,230.057,1978.289,117.966,355.966,122.299,171.878,1543.224,199.899,108.45,705.842,113.119
2378.786,2908.199,3838.026,2789.275,1492.735,1101.353,135.694,4961.962,2180.681,4112.181,1658.749,592.227,2470.17,5499.677,4564.759,428.012,268.083,12230.787,169.342,2669.93,1495.448,96.49,135.53,206.595,1765.582,119.642,330.819,98.627,147.498,1293.435,169.684,98.626,492.259,104.164
2594.869,3136.094,3968.278,2595.206,1538.213,1161.262,145.219,5761.617,2290.016,4225.458,1890.656,641.339,2791.179,6219.442,4957.242,522.73,301.596,12671.018,176.859,2926.564,1517.536,96.377,111.81,215.537,1881.792,105.897,390.739,109.35,154.744,1485.34,188.407,107.365,632.611,106.906
2751.065,3230.482,4067.543,2700.473,1628.53,1193.907,143.637,6591.881,2483.514,4397.021,1997.784,701.253,2909.12,6585.729,5163.37,591.85,313.717,13463.746,193.923,2772.057,1513.852,106.404,125.109,206.939,1970.752,102.609,400.589,123.394,174.493,1636.203,192.378,111.345,639.993,121.213
2584.929,3160.764,3962.327,2630.935,1616.177,1171.921,150.203,5883.395,2426.841,4416.46,1844.45,690.695,2829.057,6231.49,5309.472,508.535,293.636,12454.254,205.081,2707.759,1695.351,112.154,139.225,212.641,1888.874,97.59,401,124.187,152.441,1560.783,180.788,110.447,699.732,108.325
2522.505,2937.851,3826.958,2524.337,1661.775,1193.008,156.538,5802.459,2289.087,4222.652,1800.706,680.231,2734.665,5840.93,5018.851,457.638,302.05,12524.881,197.833,2589.298,1729.224,107.529,121.882,220.883,1789.228,101.888,381.596,122.175,145.828,1579.736,202.741,118.393,676.456,107.341
2484.112,2890.517,3624.311,2539.222,1720.461,1177.557,155.857,5766.696,2062.766,4031.862,1676.095,701.369,2600.651,5409.531,4444.333,440.826,293.188,12373.115,199.755,2563.826,1754.386,109.065,126.545,214.863,1747.57,95.335,367.515,112.576,139.403,1601.893,178.32,115.147,650.819,107.998
2507.246,2887.721,3609.931,2427.136,1698.68,1221.816,159.662,5629.963,2075.102,4407.897,1612.966,646.048,2504.303,5255.156,4395.36,455.665,308.175,11733.109,189.949,2526.22,1782.413,100.935,127.944,210.222,1777.026,97.704,346.774,117.185,126.247,1589.655,175.694,118.591,740.454,116.171
2716.722,3188.099,4036.014,2408.211,1806.891,1318.803,168.155,6838.283,2410.568,4980.403,1995.12,734.403,2898.567,5945.599,5194.896,545.55,343.119,11717.091,201.097,2548.795,1921.007,96.523,153.552,209.577,2039.837,104.508,389.27,125.523,144.175,1814.162,170.821,123.032,896.302,133.439
2862.49,3383.795,4287.146,2525.231,1962.052,1364.034,182.68,7142.525,2675.071,5324.753,2128.993,819.344,3112.065,6324.618,5748.974,572.074,354.584,12716.002,207.412,2780.085,2027.935,104.39,179.921,223.926,2096.353,103.648,424.86,137.903,153.006,1901.163,188.668,138.247,917.858,148.691
2897.97,3412.79,4282.892,2711.492,2014.731,1419.681,194.539,7190.092,2674.468,5301.997,2239.22,807.388,3163.25,6372.927,5753.676,540.571,350.378,12887.139,215.794,2941.176,2092.113,119.296,189.514,232.156,2180.562,120.658,424.95,138.113,165.094,1962.393,203.007,152.852,919.355,162.619
2951.784,3434.062,4451.61,2821.545,2021.503,1415.242,187.549,7649.989,2843.268,5194.732,2371.823,805.319,3219.28,6658.732,5886.235,525.418,350.474,13707.149,230.273,3158.393,2079.052,127.459,179.83,243.172,2274.054,120.651,475.438,133.639,183.14,2000.62,228.191,156.84,970.045,154.279
3007.171,3410.616,4410.973,3118.913,2127.623,1450.793,190.453,7780.617,2893.559,5658.81,2332.349,779.232,3242.851,6807.223,5788.388,558.456,356.383,15392.02,245.251,3279.689,2069.1,143.917,183.085,250.011,2235.774,114.26,540.071,136.941,193.717,1970.769,248.571,174.213,1068.169,156.602
2972.457,3531.194,4603.111,3305.05,2164.844,1509.556,201.911,8041.772,2866.831,5871.918,2315.285,809.099,3256.712,6717.254,6141.635,535.884,364.951,16253.494,248.452,3384.944,2189.029,152.21,216.498,246.012,2281.045,125.806,485.276,149.285,181.266,1963.18,250.084,189.925,1087.546,155.585
3142.133,3771.08,4705.327,3456.341,2311.168,1637.495,206.94,8729.766,3230.402,6246.829,2590.942,848.669,3479.337,7128.464,6437.765,592.931,376.086,16950.889,274.173,3585.033,2309.205,168.161,222.573,278.124,2339.112,134.451,505.909,153.051,201.944,2098.865,267.25,201.415,1205.662,163.055
3172.555,3883.079,4956.298,3349.682,2380.493,1634.583,221.426,9032.853,3378.808,6217.598,2728.723,916.762,3658.977,7378.691,6664.48,625.73,381.954,16858.918,294.526,3557.498,2478.235,172.275,220.208,267.403,2426.231,124.656,481.688,166.544,201.592,2204.353,251.612,206.145,1277.863,171.668
3337.41,4174.041,5349.206,3582.084,2510.825,1773.777,236.966,9771.235,3629.456,6635.586,3039.512,959.732,3989.923,8056.386,7268.736,612.734,422.347,17199.525,299.138,3725.839,2675.001,200.042,248.097,269.23,2508.7,139.324,543.279,179.222,207.231,2484.887,257.711,270.103,1504.477,170.657
3397.874,4161.313,5488.946,3646.898,2537.856,1771.312,245.281,10140.479,3657.6,6938.043,3074.307,979.318,4020.031,8022.448,7601.933,691.968,438.347,18875.979,296.979,3913.47,2909.837,195.205,273.348,280.549,2722.143,145.39,549.96,183.294,229.054,2512.615,280.281,247.203,1444.002,183.729
3439.102,4351.593,5524.895,3636.244,2593.58,1855.503,248.94,10669.626,4033.415,7341.201,3048.792,990.055,4122.311,8148.796,7926.639,735.847,434.635,19486.325,314.485,3958.372,2982.033,192.771,273.73,302.968,2873.213,140.322,572.738,199.663,237.547,2612.578,291.346,251.148,1498.242,191.524
3384.481,4249.56,5388,4125.806,2581.926,1884.604,255.701,10477.767,3992.336,7089.764,2904.779,956.156,3975.914,7745.732,7497.802,710.461,447.339,18321.783,326.473,3939.927,3117.593,197.3,262.329,308.614,3007.999,134.672,589.068,195.756,246.827,2503.214,283.884,236.349,1498.302,189.173
3332.517,4219.611,5478,3902.178,2367.307,1773.538,241.804,10499.143,3879.245,6989.17,2924.403,969.765,3930.488,7738.267,7533.972,555.167,451.604,17432.824,283.228,3875.488,3136.486,194.06,282.229,287.434,2792.715,148.507,569.199,194.835,231.172,2476.437,264.825,234.56,1278.254,191.109
3376.846,4311.66,5523.691,3765.293,2431.264,1785.286,239.424,10683.396,4109.611,7019.764,2937.654,983.651,4057.188,7900.899,7773.933,549.253,455.978,17499.864,303.971,3801.261,3163.133,163.495,252.335,275.272,2826.561,144.899,575.972,190.322,215.87,2489.682,257.755,232.126,1256.892,192.118
3440.639,4312.444,5525.822,3968.165,2535.426,1784.994,252.713,11013.744,4263.116,7428.216,3024.615,1020.477,4136.508,8047.501,8018.17,572.062,480.473,17496.581,307.621,3853.361,3347.605,164.115,250.989,278.486,2876.712,152.146,606.476,195.688,210.614,2521.71,250.733,233.68,1319.232,203.556
3323.49,4269.551,5338.066,3732.937,2538.187,1790.767,263.275,10527.725,4178.306,7287.62,2876.191,995.57,4008.303,7684.164,7915.085,501.024,466.163,17732.645,310.839,3958.67,3409.031,175.835,271.905,282.561,2832.179,151.556,598.036,186.618,193.499,2465.305,232.001,228.104,1430.189,180.616
3340.507,4294.034,5274.172,3760.016,2539.792,1827.343,265.637,10701.512,4281.751,7422.734,2822.238,985.823,4001.523,7673.551,8285.928,505.653,482.457,18993.127,322.295,4049.919,3403.825,175.781,269.313,280.409,2867.995,148.695,610.509,188.158,211.836,2469.379,249.478,226.378,1520.515,171.37
3377.187,4432.157,5407.524,3672.595,2732.967,1949.233,283.221,11537.384,4776.248,7886.477,2971.238,1041.953,4137.532,7839.011,8912.905,561.931,505.949,19320.193,349.133,4255.396,3565.792,190.718,302.829,289.618,3035.636,167.915,666.403,199.81,219.488,2566.786,249.764,234.804,1666.832,169.985
3428.833,4540.136,5508.957,3768.752,2905.68,2066.437,282.059,11699.181,4892.573,7815.875,3091.942,1102.511,4309.946,8181.037,9437.921,612.101,523.626,19254.692,364.215,4286.236,3767.39,197.826,321.3,293.519,3202.007,174.823,709.887,205.891,223.856,2787.069,249.098,233.009,1696.035,173.398
3569.833,4833.763,5913.999,3950.69,3025.252,2244.275,314.192,13170.005,5566.701,8412.875,3364.677,1192.123,4568.34,8723.274,10048.268,665.708,565.97,21007.929,415.128,4414.849,4267.195,222.025,378.172,312.152,3439.041,175.838,772.645,217.316,247.795,3017.231,265.006,256.749,1872.211,188.772
3694.97,4990.933,6183.943,4153.438,3082.727,2340.565,325.905,13412.656,5607.398,8734.25,3545.84,1285.558,4756.829,9127.272,10529.699,656.049,604.263,21495.319,433.481,4555.498,4608.933,238.262,377.618,310.066,3720.901,176.351,877.503,225.198,254.601,3219.4,283.033,267.614,2053.188,205.306
3603.494,4955.198,5992.659,4056.992,2960.568,2357.643,319.933,12770.167,5435.394,8497.983,3409.2,1255.827,4678.029,9087.388,10322.535,634.971,589.476,20603.718,409.515,4636.159,4501.207,234.069,399.204,315.14,3726.246,199.592,821.246,227.15,273.532,3141.21,274.401,279.167,2004.165,202.792
3678.646,5195.694,6331.521,4140.648,3151.4,2489.83,344.479,13585.307,6070.227,9155.074,3547.553,1295.588,4909.375,9734.469,10881.762,682.232,575.656,21292.817,443.769,4671.554,4909.224,240.525,402.347,312.603,4016.93,207.364,979.059,226.522,302.315,3255.045,290.683,301.61,2354.791,208.938
3619.894,5058.488,6180.347,4056.676,3196.434,2391.902,318.427,13128.646,5874.132,9295.884,3467.326,1292.072,4844.706,9364.317,10754.618,661.089,535.523,20589.063,401.86,4644.062,4680.159,232.603,398.024,299.454,3633.281,193.098,876.859,218.758,285.489,3145.29,273.449,272.237,2152.88,208.297
3554.49,5005.291,6177.341,3952.315,3023.63,2353.514,322.71,12872.889,5644.172,9003.675,3318.309,1239.416,4635.236,8926.701,10442.118,670.821,521.936,21459.651,396.186,4659.313,4473.656,220.227,379.573,301.532,3556.046,186.488,774.701,214.701,271.594,3046.354,269.793,264.066,2064.418,208.901
3670.69,4957.899,6186.503,3916.357,3090.857,2351.835,312.828,13264.292,5875.985,9257.494,3387.376,1228.32,4748.07,8987.368,10353.027,699.682,534.28,21491.513,380.726,4696.581,4680.451,239.705,405.823,294.901,3871.014,193.162,800.487,206,284.926,3061.546,280.821,260.822,2224.541,220.896
3679.889,5036.763,6145.004,3912.564,3279.956,2487.761,328.767,13131.95,6380.492,9414.929,3419.118,1241.383,4804.506,9404.833,10391.607,706.949,552.671,22252.624,401.493,4787.902,4981.311,260.44,417.186,304.701,4096.608,187.809,860.308,200.626,285.752,3115.595,289.56,260.064,2311.097,203.414
3818.157,5102.939,6476.788,3951.547,3460.132,2546.426,336.045,13869.453,6793.262,9707.504,3657.74,1293.86,5081.07,9598.626,10838.996,706.31,570.698,23529.286,436.271,5157.779,5180.26,275.116,448.395,327.525,4477.818,189.727,924.351,203.079,321.083,3261.541,294.409,264.254,2402.779,215.639
3782.703,5255.769,6530.674,4226.518,3665.634,2572.211,339.719,13959.098,7267.965,10197.554,3669.28,1300.99,5095.124,9579.916,10991.661,709.023,563.413,23283.237,458.451,4948.71,5522.224,276.088,377.99,316.919,4419.131,184.593,976.994,210.337,310.865,3262.177,276.813,278.237,2669.246,219.178
3815.117,5348.647,6751.629,4664.7,3886.844,2762.932,348.976,14564.831,7375.666,10273.998,3752.063,1325.783,5223.612,9700.893,11136.776,749.256,563.355,24018.053,509.737,4997.13,5597.788,303.108,388.572,324.434,5000.089,187.39,1098.491,212.147,348.63,3463.033,279.301,289.526,3179.08,229.333
3752.529,5185.766,6851.559,4608.809,3606.843,2591.231,337.599,13747.397,6813.028,10047.134,3636.167,1237.153,4999.397,9497.219,10861.862,718.357,537.389,22452.929,462.003,4800.817,5372.344,272.207,377.918,317.604,4887.5,194.313,985.687,205.005,327.901,3339.128,259.971,269.592,2988.439,236.543
3904.158,5209.151,7090.089,4805.567,3802.611,2688.127,338.915,13963.4,6809.311,10268.933,3764.037,1267.265,5085.365,9991.619,11116.441,728.77,554.551,23080.539,500.027,5007.754,5560.628,299.062,401.283,313.832,5295.051,215.431,1040.954,208.569,366.66,3322.783,283.268,267.311,3255.811,250.79
3906.351,5359.2,7243.493,5217.826,3972.441,2751.091,336.411,14923.488,7048.88,10943.99,3918.835,1325.236,5260.693,10491.625,11604.482,772.73,591.634,23301.057,556.321,5210.7,5769.973,327.778,437.131,317.18,5548.371,218.53,1096.518,222.981,402.279,3377.748,303.566,292.131,3224.43,261.643
4012.973,5678.62,7681.409,5480.924,4321.595,2946.959,329.659,15762.379,7791.556,11209.697,4251.879,1394.295,5687.4,11010.245,12429.46,810.294,630.202,24570,645.539,5503.886,6432.085,352.592,491.091,326.724,6009.659,229.021,1178.314,232.12,438.483,3601.793,312.872,330.446,4032.299,260.629
4017.045,5641.919,7579.495,5434.523,4243.663,2907.756,320.663,15698.062,7843.615,11250.307,4273.568,1406.846,5624.985,11231.301,12585.299,838.892,649.665,24613.816,609.315,5655.396,6329.313,361.422,495.799,338.208,5925.12,229.363,1181.096,247.869,426.166,3738.092,311.138,319.438,4112.088,254.515
4068.566,5803.713,7771.261,5573.614,4309.897,2922.493,322.324,17058.258,8702.374,12026.76,4461.975,1440.89,5956.974,11718.513,12826.898,931.377,681.662,24953.947,656.353,5787.891,6547.715,397.427,548.786,343.887,5941.394,242.663,1165.963,270.368,424.409,3812.824,311.521,315.529,3917.994,252.974
4122.201,6148.039,8271.713,5735.855,4520.335,3190.836,343.345,17944.882,9501.561,12788.44,4685.854,1507.403,6160.043,12177.674,13562.144,990.307,704.059,26355.103,681.497,6162.591,6861.433,411.385,625.867,358.568,6260.568,243.026,1350.887,280.265,453.209,3987.383,342.753,343.436,4295.674,263.625
4000.222,6029.86,8024.447,5379.218,4401.322,3014.086,318.444,16792.296,9052.882,12225.079,4513.233,1507.475,6072.697,11686.117,13142.496,931.823,692.246,24870.86,577.785,5663.417,6468.94,353.094,537.308,350.067,5573.297,243.943,1193.631,270.524,418.686,3891.765,319.829,312.388,3600.325,246.168
4004.709,6090.126,8011.65,5319.717,4332.821,3038.805,298.851,16846.976,8711.667,12093.98,4470.388,1516.202,6142.762,11671.699,13018.31,905.959,682.648,24937.419,558.326,5802.356,6438.956,360.369,538.869,339.994,5715.288,227.282,1194.301,273.361,411.814,3944.204,314.283,299.691,3822.962,223.786
4018.081,6229.628,8264.537,5290.287,4346.225,3075.875,299.854,16573.234,8969.95,12047.145,4454.986,1523.122,6182.911,11962.868,13375.684,897.011,678.711,25370.701,558.699,5814.931,6457.599,360.713,573.347,349.204,6107.9,261.539,1393.84,277.128,411.17,4072.659,300.913,310.09,3864.626,227.123
4115.145,6381.202,8485.741,5369.727,4522.474,3170.58,313.857,17204.586,8796.528,12834.997,4617.312,1586.101,6386.521,12566.321,14044.817,939.961,735.464,26268.416,557.509,6016.261,6521.874,394.697,607.133,358.335,6321.972,259.372,1284.851,285.494,421.361,4209.472,311.978,316.06,3843.832,237.131
4219.909,6349.198,8612.949,5283.342,4387.911,3129.385,324.677,18006.349,8173.212,13150.731,4686.863,1583.791,6443.653,12959.968,14517.761,916.866,742.74,26518.249,522.079,6200.73,6657.896,425.742,638.646,360.053,6630.934,289.945,1250.046,292.951,434.345,4434.179,324.979,319.849,3773.164,239.187
4364.118,6666.198,8843.221,5375.324,4598.778,3387.723,350.112,19154.094,8873.527,13727.919,4921.635,1648.793,6617.658,13017.165,14941.349,951.807,774.42,27014.746,580.001,6716.025,7019.327,454.018,661.508,374.653,7085.145,309.357,1364.658,300.381,432.513,4763.052,327.716,344.891,4095.482,246.338
4450.719,6829.163,9125.85,5413.51,4731.96,3527.191,365.746,19927.569,9692.775,14624.185,5147.836,1741.323,6880.471,13380.16,15237.606,984.099,806.9,28572.035,624.621,7195.39,7350.784,479.979,725.856,416.248,7402.714,318.034,1507.465,316.129,456.681,4990.028,362.007,361.48,4344.413,252.59
4504.774,7002.593,9288.666,5548.216,4701.402,3645.393,396.109,21585.616,10314.442,15269.55,5360.599,1776.772,7124.206,13896.07,15991.746,1012.601,873.03,30373.11,670.54,7645.709,7912.917,494.958,764.242,434.979,7847.751,348.894,1536.718,330.83,455.347,5072.244,367.018,326.04,4701.123,248.942
4586.413,6991.664,9462.444,5595.169,4689.05,3653.599,395.845,21855.817,10743.729,15686.785,5438.544,1775.681,7102.602,13932.98,16033.921,1051.157,830.929,30859.695,672.529,7945.638,7951.875,507.583,727.869,480.098,8043.265,383.871,1594.877,335.731,435.387,5175.449,356.951,326.34,4749.329,262.361
4502.528,6982.167,9277.333,5820.319,4723.754,3784.77,388.325,21186.594,10498.7,15715.028,5487.972,1756.519,7106.511,13950.872,15942.029,1060.527,860.402,30066.093,675.242,7992.455,7810.57,463.761,702.484,482.533,7730.789,361.383,1499.414,344.558,454.834,5148.19,363.25,347.81,4616.938,267.501
4551.226,7213.819,9534.86,5745.628,4855.609,3994.487,401.018,22471.99,11057.755,16548.568,5728.564,1792.585,7325.656,14958.874,16625.559,1123.012,866.247,30535.432,718.192,8435.304,8372.652,478.347,748.378,514.547,8314.007,380.109,1674.401,345.952,469.193,5303.8,355.247,337.554,4991.657,276.125
4746.318,7533.507,10248.065,5633.945,5150.662,4233.778,425.969,25168.321,11736.387,17707.543,6282.585,1932.522,7925.366,16367.156,17496.311,1223.913,893.163,31241.296,777.205,8798.837,8750.275,536.298,809.922,548.913,8464.699,391.707,1781.952,376.174,497.639,5372.9,354.445,357.85,5306.998,295.387
4912.532,7662.132,10143.033,5725.976,5593.021,4300.513,438.309,24873.211,12062.884,18093.833,6563.358,1917.634,8128.11,16288.693,17576.209,1302.959,934.756,31845.937,751.628,9232.146,8889.85,573.548,846.417,568.746,9461.01,434.427,1799.942,403.69,538.819,5683.483,368.348,380.455,5930.911,305.672
4830.393,7761.584,9888.177,5708.811,5586.466,4416.606,453.81,24519.676,12763.784,17637.026,6687.013,1885.509,8095.06,16247.645,17484.403,1304.215,898.641,32297.609,737.63,9323.043,8817.157,578.051,868.186,559.934,9395.612,459.958,1905.527,409.261,554.962,5544.722,405.618,398.762,6184.248,303.745
4680.877,7567.209,9724.949,5699.711,5573.546,4356.255,449.692,24598.173,12669.437,18301.266,6443.444,1831.449,7810.865,16245.886,16780.669,1313.749,826.868,34552.461,736.053,9416.809,8385.197,614.074,949.721,568.833,9009.767,452.419,1916.499,411.294,616.118,5653.782,420.095,455.859,6446.024,309.958
4751.956,7504.028,9672.279,5532.341,5576.625,4283.871,396.392,23475.641,12087.057,18222.753,6454.121,1823.421,7666.656,15855.248,16288.066,1390.73,810.287,34718.31,732.659,9090.685,8046.866,594.793,894.134,521.935,8904.291,423.974,1814.86,388.537,588.726,5541.828,409.052,428.91,6219.265,306.108
4932.33,7775.066,10045.309,5662.056,6125.073,4925.455,450.846,25105.781,13732.583,19225.937,6933.856,1891.693,8061.727,17131.508,16685.384,1552.393,789.098,40030.338,782.169,10157.955,8081.081,694.83,1002.603,565.741,8986.384,458.953,1924.366,384.032,632.609,5834.302,433.709,452.685,7468.35,329.236
5015.452,8243.386,10238.324,5640.555,6700.419,5297.196,444.667,24495.866,14289.343,20013.088,7256.571,1963.476,8370.524,17459.848,17440.883,1605.314,807.841,44424.537,891.782,10619.634,8698.531,812.951,1167.644,612.109,9418.544,497.481,2163.224,426.055,677.489,6512.293,457.207,501.021,8640.922,343.156
4803.743,7800.15,10251.784,5537.238,5957.727,4904.131,435.907,22516.009,13452.372,19232.219,7166.424,1934.055,8238.969,16807.52,15978.415,1572.249,740.21,42808.042,824.526,9805.96,8129.114,796.714,1171.164,596.841,8891.361,475.316,1996.812,427.69,612.923,6539.074,405.908,467.864,8220.725,334.504
4776.315,7589.994,9851.602,5318.292,6123.025,4731.308,434.862,21904.488,13660.671,19259.325,7286.757,1905.815,8123.607,16833.517,15693.153,1519.787,701.578,42887.874,792.189,9815.251,8122.704,856.826,1184.78,635.394,8801.569,494.32,1957.601,412.697,603.712,6324.477,400.513,478.064,8461.455,348.578
4486.439,6912.165,9298.461,5075.247,5734.094,4295.423,402.998,19339.282,10783.016,17049.973,6282.203,1720.631,7144.083,14841.33,14133.199,1403.371,692.24,37892.56,687.961,8583.907,7035.12,733.953,1161.481,629.987,8686.554,456.92,1684.946,367.417,521.457,5570.646,358.42,446.161,7762.377,334.505
4346.96,6940.989,9524.143,5110.311,6089.879,4433.371,395.684,20688.726,12319.568,18572.719,6364.894,1717.069,7262.348,15189.954,14472.08,1448.094,683.74,37048.165,728.106,8928.703,7273.025,716.39,1260.427,627.925,8740.599,438.201,1744.538,359.197,550.389,5679.353,411.59,505.886,8699.021,352.975
4330.946,6791.795,9672.525,4906.177,5756.995,4192.78,372.1,21157.866,12235.088,19326.519,6434.797,1682.476,7446.224,15735.619,15211.042,1364.803,694.684,34785.644,673.654,9086.191,7320.035,625.571,1108.3,576.127,9247.95,410.547,1881.634,358.403,526.788,5975.681,421.682,494.168,8038.588,332.246
4545.319,7231.357,9716.139,5262.705,6165.443,4547.442,381.803,22225.771,13829.341,19220.059,6733.628,1787.728,7786.487,16433.753,16020.846,1349.237,704.668,37622.985,759.054,9673.853,8176.488,694.87,1043.375,591.539,9084.733,370.855,1851.738,374.449,564.687,6166.124,439.424,503.552,9273.703,362.575
4617.845,7188.592,9702.186,5395.226,6635.27,4659.077,384.242,22751.22,14953.904,20415.226,6863.342,1802.506,7992.585,16520.328,15263.983,1357.989,674.883,37416.82,776.883,9741.232,8489.69,624.496,1085.061,573.573,9671.572,370.06,1909.558,366.899,554.776,6119.838,425.291,488.681,10339.649,380.215
4241.463,6738.117,9179.39,5027.661,6398.735,4372.448,319.033,19247.039,13995.719,19154.081,6318.873,1611.154,7205.555,14398.111,12363.737,1186.137,573.101,33419.992,704.161,9007.626,7723.81,502.311,1058.302,523.696,8829.691,308.823,1728.977,310.434,486.837,5480.946,377.243,435.839,9519.635,371.66
4192.954,6461.851,9130.482,4856.324,5954.126,4065.774,323.775,19082.823,12571.759,18633.627,6252.646,1538.281,7063.906,13825.538,11325.225,1201.954,461.002,32928.147,724.779,8951.004,7003.342,536.051,1058.416,516.85,8456.162,334.273,1953.153,299.647,479.002,5434.024,354.129,377.647,8530.937,344.49
4250.383,6253.981,8864.276,4663.194,5839.006,3900.299,305.425,18243.323,11922.657,17805.463,5870.701,1471.711,6817.543,14025.798,11294.42,1135.301,448.733,31169.212,690.588,8239.862,6590.274,529.787,987.053,471.645,8098.71,341.588,1691.225,278.127,412.891,5055.807,350.787,383.802,7688.035,342.409
3860.514,5325.425,7966.719,4142.88,5010.726,3225.887,266.37,14860.843,8310.837,14113.446,5019.716,1255.911,5844.851,11381.288,8431.308,862.654,331.863,25757.458,587.777,7009.434,4545.754,432.341,781.357,430.127,7176.321,320.073,1462.535,252.812,368.95,4550.156,284.464,337.882,5914.697,314.741
3200.304,4315.692,6989.456,3530.486,3660.681,2402.97,206.605,10899.603,5538.325,10490.197,3866.747,959.509,4534.77,8523.301,5349.21,710.02,253.241,20277.57,433.883,4977.215,2861.962,309.231,472.905,354.986,4974.957,242.2,967.463,186.45,272.572,3400.401,231.497,226.351,4019.228,258.748
2964.17,4038.324,6354.137,3486.457,3453.988,2226.335,192.512,10502.96,4700.853,9774.913,3520.638,906.47,4286.693,8030.909,4794.208,649.468,205.959,20155.247,433.087,4841.69,2445.252,276.238,417.468,350.702,4798.038,240.801,852.92,182.025,226.386,3350.971,206.488,216.925,3649.015,238.237
3002.604,3922.249,6905.925,3770.061,3358.364,2367.575,202.854,11134.479,4930.414,10144.137,3971.479,968.064,4653.669,8773.341,5312.581,688.958,198.428,20925.033,491.99,5168.874,2581.071,303.03,518.909,373.541,5022.26,237.896,890.818,199.02,271.252,3790.651,216.771,247.304,3718.326,248.062
2757.992,3678.291,6066.523,3513.825,3241.113,2055.406,185.784,9880.878,5052.325,9918.171,3307.327,833.302,3990.054,8044.416,5240.45,578.739,185.978,21019.914,430.116,4880.846,2304.105,296.934,477.597,365.399,4383.62,232.846,668.858,187.465,260.66,3223.118,195.011,237.387,3889.871,241.393
2475.326,3377.624,5422.046,3078.835,2964.089,1979.296,167.282,9536.3,4657.335,8901.374,2892.697,718.728,3611.338,7041.192,4759.426,472.601,162.677,20015.761,401.949,4337.579,1902.468,266.153,433.875,360.897,3801.5,233.479,532.612,172.466,214.492,2882.034,202.741,227.092,3776.932,259.485
2687.434,3503.354,5872.923,3145.507,3243.895,2331.502,197.449,10438.629,5090.727,9022.056,3199.347,768.861,3910.931,7338.861,5083.128,537.975,180.825,20826.132,472.515,4702.209,2371.412,298.497,524.943,362.15,4321.424,253.822,610.699,183.499,271.066,3096.21,234.773,235.078,4183.229,262.242
2945.475,3945.008,6328.026,3448.278,3696.839,2593.908,216.893,13099.34,5743.909,10676.881,3748.858,916.153,4432.084,8277.724,5732.714,690.218,206,24338.201,527.288,5525.347,2608.645,356.844,685.279,420.416,4950.175,271.504,771.397,203.003,329.141,3605.613,275.632,279.703,5028.981,273.299
3107.532,4492.222,6931.064,3803.645,4482.9,2851.479,234.447,14236.092,6977.091,12097.607,4133.452,1039.457,4996.175,9328.578,6558.963,748.416,201.729,28741.673,613.175,6898.762,3274.833,487.722,761.596,449.8,5803.249,316.752,799.761,235.017,342.599,4079.674,317.668,326.868,6139.029,299.994
3114.565,4435.034,6865.415,3870.641,4241.012,2994.112,244.358,14213.405,6394.883,12118.889,3991.629,1000.248,4790.135,9209.262,6440.288,713.35,192.831,28278.361,620.575,6865.31,3206,477.119,813.157,463.735,5858.494,315.853,836.725,233.633,339.18,4244.668,293.541,361.456,5897.037,304.258
3349.331,4846.037,7628.482,4036.273,4751.088,3300.665,266.646,16761.655,7080.222,12987.117,4461.801,1083.674,5295.989,10534.229,6997.371,712.194,202.891,32172.937,652.345,7935.454,3472.888,519.682,1012.062,511.543,6480.686,367.272,1076,241.445,402.316,4847.522,329.437,375.667,6417.284,340.402
3465.82,5114.242,8125.157,4195.174,4683.546,3571.638,285.116,17666.578,7269.843,14017.039,4647.856,1184.839,5716.939,11166.608,7722.174,772.203,213.731,29893.529,689.348,7745.643,3905.544,514.04,1004.665,511.483,6806.553,364.757,1144.396,259.066,407.048,5148.836,320.688,385.16,6527.019,334.135
3600.257,5256.779,8421.1,4124.86,5024.543,3987.52,307.482,17821.827,8091.047,14305.34,4919.16,1271.746,6066.772,12090.629,8292.367,804.485,230.092,32353.155,710.077,8194.25,4143.421,570.627,1122.71,532.458,6920.88,363.916,1124.784,280.725,456.129,5413.213,361.482,433.892,7519.271,335.959
3530.52,5324.425,8460.947,4021.404,4767.144,3990.171,311.708,18642.878,8374.919,13899.6,4723.373,1209.092,5824.316,11853.134,8133.692,740.391,205.139,33237.965,701.556,8131.1,3910.996,547.717,1081.36,557.292,6954.573,369.841,1199.383,280.91,427.496,5373.303,346.589,405.966,7727.079,341.718
3740.563,5479.248,8602.261,3980.137,5122.283,4114.217,296.089,18638.331,8860.703,14348.675,4966.103,1225.951,6055.775,12097.783,8438.582,771.323,213.029,32827.182,739.595,8527.403,3959.797,593.789,1117.366,564.433,7651.781,388.946,1301.407,284.893,430.855,5614.221,359.999,408.532,8364.37,362.401
3817.617,5623.493,8743.586,4011.056,5284.788,4185.204,307.815,18471.153,9299.148,13906.818,5026.2,1239.125,6201.519,12549.385,8424.987,776.372,223.974,33511.887,776.443,8993.976,3738.112,614.573,1181.201,568.018,7866.598,399.608,1269.47,281.988,466.728,5499.093,390.719,438.487,8500.763,383.457
3683.695,5352.885,8451.469,4087.202,4895.375,3892.341,289.372,18011.608,8613.898,14341.675,4592.467,1134.27,5743.16,12104.573,8208.715,793.992,214.065,31305.038,735.37,8454.671,3560.185,582.027,1205.079,563.035,7376.379,376.212,1255.262,253.141,446.422,4854.573,365.392,415.191,7571.292,384.641
3797.381,5275.539,8610.591,4133.048,5178.393,4025.421,284.631,18528.796,8176.222,14157.704,4490.3,1070.885,5611.608,11554.213,8099.381,774.801,205.66,32528.002,732.873,8522.097,3430.902,589.887,1161.001,567.95,7689.711,398.061,1191.886,237.951,444.037,4503.938,351.986,433.259,7915.699,393.026
4024.789,5590.273,9129.719,4341.961,5609.732,4361.508,296.536,19898.789,8704.543,15292.216,4896.504,1148.865,5960.418,12425.58,8340.856,872.481,223.482,34326.46,811.964,8880.742,3692.362,644.403,1299.603,619.521,8482.895,420.382,1323.295,253.057,485.534,4662.122,375.754,496.61,8493.268,421.962
4089.279,5527.43,8698.084,4335.305,5692.582,4337.051,307.648,20964.206,8857.274,16182.418,4811.345,1069.965,5659.038,12379.534,8049.865,795.51,241.657,33494.91,821.639,9394.116,3704.94,656.5,1378.892,646.248,8495.637,441.91,1315.025,231.089,512.965,4439.296,385.317,484.105,8417.684,391.744
3759.572,4926.28,7768.38,3984.734,5303.15,3612.909,267.705,18068.93,7408.322,14340.548,4310.233,915.672,4942.523,10888.933,7439.19,694.43,193.715,31364.045,761.452,8560.441,3100.576,604.061,1274.592,601.464,7945.202,422.351,1122.321,211.992,444.678,3713.558,347.495,471.056,7535.198,348.707
3559.653,4816.459,8100.148,3904.897,5029.586,3534.749,265.369,18587.334,7183.788,14470.841,4301.581,908.134,4870.798,10814.348,7316.167,646.427,179.238,32326.636,734.57,8882.455,2884.694,629.974,1357.388,620.894,7717.667,433.211,1037.779,210.732,448.777,3709.299,340.851,488.301,7201.536,344.425
3808.436,5400.988,8489.78,4044.011,5391.622,3965.549,284.633,20759.69,8463.531,15960.469,4710.04,1051.872,5476.071,12004.676,8077.79,725.37,191.621,34204.209,827.036,9587.557,3409.631,634.549,1443.199,655.47,8168.657,445.544,1242.326,233.742,482.717,4528.796,373.503,518.169,8190.63,340.898
3639.268,5294.325,8701.422,3951.722,5288.658,3844.4,275.183,19556.434,8033.282,15199.048,4430.814,973.538,5144.943,11122.24,7773.874,696.172,162.071,34565.398,803.282,9518.653,3255.557,625.42,1403.883,697.869,7757.266,470.652,1199.143,229.456,470.258,4282.405,368.852,566.835,7928.139,349.838
3970.138,5769.21,9178.293,4134.97,5702.259,4371.686,301.486,23179.523,9297.129,17028.002,5018.006,1089.373,5890.153,12583.327,8753.084,818.037,173.121,39405.262,921.073,10289.523,3705.106,727.244,1600.509,737.948,8603.326,561.311,1407.345,254.039,526.012,4735.937,408.579,647.169,8768.671,384.301
4126.484,5996.792,9387.579,4219.316,5882.808,4497.088,322.667,23291.034,9649.225,17607.854,5409.814,1159.297,6189.739,12799.065,9123.864,851.538,176.689,40275.422,936.918,10632.656,3961.318,739.056,1647.045,757.501,9309.895,570.544,1474.296,277.426,534.038,4961.457,419.761,659.241,8896.439,382.787
4131.084,5702.253,9048.902,4308.06,5945.569,4341.481,318.272,22646.251,8832.319,16488.992,5134.99,978.699,5518.628,11563.536,7997.302,773.15,162.242,41032.206,907.503,10457.852,3557.221,690.789,1534.319,735.992,9491.7,495.601,1332.941,237.896,534.27,3955.092,426.373,661.733,8472.33,376.213
4407.359,6118.445,9867.678,4636.532,6405.832,4801.755,336.272,24901.827,10398.72,18230.718,5494.48,1064.749,6001.033,12821.094,8441.147,866.116,184.294,41298.014,1042.051,10987.353,4139.292,743.324,1590.157,778.216,10038.855,541.441,1470.848,252.467,593.45,4337.338,479.525,685.211,9079.946,402.615
4513.031,6239.193,9836.357,4642.432,6434.461,4692.206,339.703,25784.132,10206.928,18596.387,5735.089,1183.234,6417.68,13380.825,8603.987,904.985,188.681,41998.618,914.753,10964.965,4268.951,646.247,1432.299,785.043,9753.606,484.966,1492.289,266.893,609.143,4933.829,494.866,624.786,8701.314,391.389
4664.337,6508.574,10204.618,4854.246,6904.17,4908.59,336.739,25707.476,10987.606,19523.313,5935.453,1216.388,6641.868,13904.231,8834.863,847.588,201.243,40610.241,973.445,10415.557,4335.711,634.844,1518.373,770.427,9836.755,478.654,1501.383,273.742,571.465,4976.232,451.433,660.94,8961.495,382.107
4669.889,6350.08,10055.789,4411.504,6905.507,5017.227,351.181,26275.972,11107.3,19992.412,5910.61,1211.332,6635.67,14171.809,8910.555,884.747,201.475,41128.682,1022.633,10918.569,4388.263,705.348,1665.064,811.313,10099.129,526.544,1572.512,274.447,638.309,4935.854,459.15,713.767,9320.331,392.778
4812.786,6799.623,11044.438,4427.617,6989.742,5306.796,380.225,28823.223,11870.161,20632.561,6581.84,1313.884,7165.842,14678.61,10017.706,950.556,223.425,42151.521,1076.26,11536.344,4506.314,697.986,1748.535,826.893,10277.475,557.07,1737.533,285.835,680.322,5331.549,489.63,762.218,9259.936,381.252
4760.617,6651.9,11278.251,4355.607,6778.772,5040.612,400.463,27948.344,11401.916,19654.693,6200.079,1224.129,6936.63,13975.485,9582.873,864.645,209.371,42387.002,1020.286,11317.503,4367.089,668.49,1762.597,824.13,9946.623,535.22,1681.192,284.776,656.814,5052.301,487.453,730.718,8972.195,390.228
4679.897,6460.386,10787.455,4419.567,6589.677,4988.903,391.116,26481.587,10990.455,18707.408,6323.503,1189.266,6983.976,13573.856,9184.355,824.339,216.746,40735.618,1002.449,11140.877,4479.204,680.308,1797.517,840.093,10043.981,543.759,1637.811,278.667,644.136,5038.755,467.052,700.329,8944.239,372.789
4588.744,6464.751,10759.79,4576.233,6450.865,4879.256,413.679,25211.441,10915.795,18052.518,6077.49,1079.201,6422.742,12988.98,8798.025,741.278,200.97,41559.198,995.366,11672.273,4189.109,664.725,1929.078,838.447,9965.142,580.267,1591.721,264.263,655.627,4675.283,472.04,781.352,8559.456,364.944
4334.932,5992.636,10047.081,4204.379,6223.584,4665.053,398.138,22400.506,10135.336,15627.797,4948.345,920.546,5733.094,11749.825,8255.928,712.51,188.065,39024.208,982.347,10572.403,3594.191,582.619,1776.703,774.077,9533.46,557.758,1391.616,247.537,567.796,4274.398,429.452,723.813,8006.926,319.487
4023.147,5466.267,8902.479,4137.917,5348.256,3983.987,365.625,19425.663,8621.175,14190.522,4363.471,820.227,4903.613,10617.626,7433.85,609.142,172.108,32628.614,834.077,9112.685,2792.989,544.651,1600.494,697.475,8061.868,506.384,1103.68,217.359,494.389,3926.247,384.355,599.934,6535.527,278.224
4465.154,6125.252,9652.033,4127.734,5908.688,4661.796,372.058,22507.982,10132.78,15250.073,5066.173,931.541,5534.418,12002.482,7836.573,696.468,194.153,36721.795,909.245,10076.353,2976.641,591.289,1736.319,784.24,9181.766,557.007,1252.853,225.526,568.931,4273.986,410.679,674.553,7803.939,314.749
4452.91,5959.914,9114.624,3945.686,5751.249,4349.964,346.202,21348.731,9651.961,15705.032,4853.421,867.241,5205.893,11315.195,7637.464,651.563,196.92,34015.907,911.615,9260.704,2660.565,496.886,1638.217,749.068,9008.233,522.881,1131.69,205.842,532.791,3929.445,371.837,653.17,7260.976,292.123
4495.07,5964.3,9270.919,3978.698,5627.019,4283.507,357.617,21139.859,9448.513,15367.633,4535.545,827.861,5041.046,11318.951,7600.03,597.634,210.643,34681.099,892.376,9019.728,2650.311,467.064,1693.493,779.134,8822.719,541.994,1036.703,197.065,523.639,3853.255,382.899,668.74,7119.723,291.509
4706.759,6174.878,9507.227,4158.578,5963.589,4661.378,382.218,22365.774,9775.684,16044.85,5020.185,880.539,5318.66,11677.343,7899.339,640.924,208.921,37961.753,962.212,10327.806,2923.183,565.039,1759.149,813.702,9477.525,597.973,1193.329,190.13,578.9,3905.074,417.34,724.04,8202.293,318.169
4914.136,6497.274,10021.061,4368.571,6177.206,4803.932,395.502,24765.273,11289.051,18349.729,5441.888,924.749,5697.298,12194.025,8625.072,693.256,221.453,41225.238,1030.502,10823.653,3174.412,592.267,1735.607,848.749,9763.772,629.013,1245.595,201.385,607.709,3975.016,448.36,812.841,8649.928,311.032
5071.5,6419.802,10252.335,4430.212,5996.437,4669.334,417.784,24269.623,10870.872,18167.982,5490.458,901.517,5660.478,12307.997,9044.849,700.258,231.289,39337.922,992.692,10759.291,3086.684,560.713,1762.283,845.736,10197.689,659.025,1218.338,200.291,604.571,3735.657,438.349,810.159,8102.933,316.893
5040.928,6502.209,10160.988,4288.745,6029.206,4759.95,420.303,23908.461,10634.308,18754.911,5336.046,825.519,5326.625,11818.647,8908.715,648.28,226.927,39656.567,1000.02,10856.564,2963.47,534.178,1752.612,839.154,10144.158,677.45,1182.362,191.848,605.434,3278.387,420.04,839.341,7604.055,321.201
4731.22,5756.929,9097.232,3905.998,5384.137,4144.731,381.449,20574.318,9083.78,16520.737,4622.301,694.672,4754.344,10597.261,8174.473,539.166,205.657,35801.085,891.713,9748.654,2428.037,472.234,1555.455,804.284,8944.49,649.962,981.5,157.735,536.695,2720.729,398.935,742.585,6508.665,282.595
4918.302,6165.557,9671.036,4107.103,5542.459,4434.882,384.504,22446.805,9848.2,17618.235,4846.039,798.19,5197.931,11472.724,9134.765,556.222,220.769,37412.413,937.332,10352.914,2635.114,507.249,1639.551,815.01,10085.343,686.221,1155.407,165.543,552.427,3292.968,396.849,766.181,6582.998,273.704
4984.978,6237.719,9883.185,4009.035,5666.178,4765.156,412.13,23879.492,10214.096,18568.269,4968.237,754.729,5200.671,11875.994,9207.01,560.332,207.186,38723.76,965.896,11165.383,2619.164,505.102,1736.292,840.289,10314.925,700.328,1142.403,160.733,572.427,3068.932,401.912,785.851,6678.243,285.127
5101.984,6448.75,10107.262,3980.037,5909.868,4775.354,413.683,23901.394,10915.03,19193.307,5226.642,837.301,5505.526,12382.337,9760.103,592.551,206.679,39020.679,958.373,11118.698,2661.568,510.793,1674.379,845.567,10082.064,683.645,1205,176.433,567.514,3473.648,413.82,790.254,6708.574,279.064
5232.081,6600.807,10423.563,4075.554,6131.751,4901.245,445.312,24835.111,11190.769,19615.112,5521.383,859.138,5580.796,12531.651,10061.425,615.285,217.464,42102.622,999.407,11450.551,2826.068,585.512,1762.249,858.471,10767.319,716.943,1307.841,187.181,606.968,3672.058,443.654,852.41,6896.931,291.294
5137.66,6642.806,10697.346,3999.211,6112.338,5030.961,451.155,24247.546,11064.33,19449.462,5613.171,888.088,5731.089,12944.234,10000.566,632.75,216.064,42721.869,973.737,11278.228,3017.951,563.296,1812.646,879.842,10745.36,737.057,1277.199,193.51,589.397,3785.736,416.537,837.739,6834.359,293.776
5171.124,6737.711,11118.724,4094.192,6085.954,5088.311,457.47,25018.835,11134.335,19777.301,5759.65,906.696,5973.93,13352.832,10484.375,666.862,211.581,44094.588,965.374,11470.689,3182.879,588.457,1751.709,855.673,10937.162,777.735,1347.033,188.735,604.991,3856.317,446.488,850.549,6630.517,298.526
5220.28,6876.91,11261.64,4311.472,6183.942,5238.898,466.262,26088.252,11309.549,20268.931,5991.387,939.303,6191.259,13719.696,10695.101,696.218,223.902,44486.965,1061.995,11814.69,3366.36,588.35,1781.819,890.284,11386.226,799.76,1461.402,206.871,636.099,4035.579,450.513,902.405,7143.756,280.121
5496.521,7143.172,12234.31,4469.781,6299.33,5527.471,512.881,28198.583,12059.611,22561.571,6318.302,1023.075,6537.405,14820.781,11025.837,744.06,233.933,47086.776,1002.967,11985.833,3512.707,617.828,1821.801,847.922,12013.297,861.823,1416.339,228.661,612.542,4314.121,451.592,955.14,7351.038,281.714
5567.152,6965.409,12358.255,4589.065,6211.805,5744.788,504.811,28551.888,11569.791,21871.921,6070.682,894.258,6316.556,13847.035,11369.143,731.724,242.298,46793.736,982.575,12003.152,3437.174,572.531,2005.629,861.402,11648.834,936.943,1363.48,209.426,643.184,4061.064,453.374,977.746,7168.351,288.377
5776.561,7048.242,12576.43,4816.015,6249.642,5715.347,517.037,28643.936,11360.808,21152.072,6007.33,847.503,6229.144,14053.5,11645.619,717.286,252.788,46040.941,967.974,12171.507,3212.023,573.333,2021.308,882.331,12078.865,951.419,1293.035,206.195,615.659,3819.814,449.578,993.723,7088.484,300.037
5890.806,7265.402,13158.067,5238.533,6162.062,5982.278,550.134,29348.347,11787.658,22016.059,6262.441,948.852,6606.377,14575.924,11852.602,762.853,249.685,47235.454,965.819,12589.325,3417.934,597.309,2062.629,923.82,11833.181,975.875,1305.69,228.65,600.909,4222.305,467.723,1026.17,7221.436,295.353
6014.938,7275.003,12826.741,4942.007,6132.648,5258.606,479.156,29097.352,11762.629,21146.946,6477.054,964.891,6763.658,15029.204,11715.627,759.713,248.702,46421.575,914.143,11963.469,3386.546,579.713,1982.269,951.855,11131.61,948.403,1349.376,218.123,603.732,4101.75,467.35,957.865,6708.94,291.904
5934.743,6896.873,12581.374,5028.74,5794.979,4921.693,463.362,27133.763,10798.478,20346.904,6212.16,859.224,6444.531,14488.782,11211.655,727.362,243.691,43916.454,896.972,11401.064,3124.984,541.206,1889.54,937.429,10728.269,869.32,1236.199,207.005,554.37,3804.702,456.762,909.527,5869.047,287.555
6246.996,7351.318,13065.838,5059.075,6131.38,5060.79,476.975,30129.354,11704.825,22043.067,6616.05,947.868,7032.069,15917.577,12109.557,772.392,261.55,45740.841,918.85,11824.746,3368.168,526.174,1764.103,912.328,10932.822,891.616,1348.469,216.449,574.849,4294.402,462.289,882.578,5779.914,291.136
6074.659,7320.357,12894.613,4950.326,6076.032,5140.147,468.989,29240.85,11500.162,22160.721,6444.488,956.073,6875.041,15735.666,11928.087,786.745,272.896,45158.617,907.06,11179.088,3503.679,469.626,1493.917,875.384,10214.656,787.31,1381.475,218.738,596.645,4186.805,461.175,783.86,5659.611,283.468
6275.865,7728.187,13775.972,5366.374,6318.274,5511.716,544.986,31258.317,11789.414,23141.132,7003.022,1029.344,7445.045,16641.934,12740.52,920.758,284.993,47821.676,976.905,11932.196,3722.244,512.788,1437.464,909.287,10545.4,824.575,1457.592,229.34,637.047,4786.353,474.001,862.983,6363.802,294.789
6554.499,7998.861,14128.499,5366.412,6529.593,5818.516,554.896,31309.718,12618.127,23525.133,7403.06,1152.495,7746.739,17436.118,13358.627,981.062,305.69,48811.846,1027.712,12359.247,3862.474,566.933,1572.677,961.834,10971.966,889.916,1562.364,230.678,665.497,5227.969,495.104,918.434,6751.605,295.573
6741.446,8080.289,14215.82,5446.443,6473.37,5562.534,525.198,31653.99,12290.306,24632.08,7717.892,1131.487,7770.437,17686.166,13278.926,1015.895,319.617,49352.966,988.888,12174.633,3959.059,547.698,1381.059,944.957,11275.836,838.277,1587.105,238.34,673.805,5218.248,487.565,837.558,6303.165,314.26
6922.497,8301.306,14365.104,5490.527,6581.97,5466.261,523.096,32878.186,12484.715,25523.122,7932.854,1139.625,7903.561,18082.701,13775.507,1030.325,317.29,49422.377,1000.567,12018.269,3846.481,565.805,1370.242,958.625,11410.491,783.689,1514.36,232.269,662.713,5338.949,494.546,772.971,6015.436,313.474
6687.485,7944.727,14083.788,5278.733,6314.128,5169.844,531.429,31575.842,11681.957,26367.97,7546.498,1145.6,7513.38,17039.027,12941.688,951.79,326.756,46652.846,899.993,11231.741,3751.046,544.323,1428.563,905.095,10667.528,785.537,1426.935,226.403,626.51,5233.539,478.253,757.112,5379.255,326.022
7001.931,8503.006,15078.514,5250.681,6596.228,5571.06,571.413,33852.432,12563.13,30294.293,8052.315,1227.265,8149.171,18073.536,14127.346,1054.73,389.554,48846.805,983.152,11612.471,3849.721,562.979,1574.603,941.758,10274.244,862.786,1598.247,250.623,648.351,5466.672,486.413,791.026,5574.158,349.925
7050.019,8233.285,15102.104,5190.163,6697.44,5792.216,610.205,33863.687,12757.101,29730.568,7911.951,1305.899,8137.36,18278.763,14105.593,1032.981,362.435,47760.895,1049.277,11910.68,3740.996,611.99,1661.206,954.663,10843.614,864.556,1566.484,254.855,649.677,5595.268,499.999,830.84,6187.771,372.116
7092.383,8606.558,15376.244,5056.248,6895.885,5900.518,636.814,34093.318,13387.995,29931.103,7992.44,1327.017,8377.334,18004.344,14428.657,1062.835,365.563,49007.437,1046.772,12383.179,3757.964,605.221,1683.889,966.21,10877.224,900.426,1560.244,258.376,660.586,5761.625,505.941,865.974,6429.449,365.083
7261.646,8677.097,15554.068,5261.521,6952.386,5965.463,596.887,34395.475,14108.569,29588.303,8142.406,1316.212,8446.958,18225.195,14687.625,1090.549,351.473,51347.135,1066.383,12617.61,3744.715,663.173,1690.724,980.546,11212.512,919.468,1562.319,256.566,685.492,5906.143,525.87,838.295,6317.362,368.81
7417.225,8732.42,15469.038,5537.404,7371.817,5957.184,604.156,33776.281,14137.536,30707.36,8090.115,1309.386,8332.279,18399.929,14891.945,1091.154,329.967,51704.647,1097.829,12591.054,3733.225,689.509,1673.753,988.156,11558.458,944.257,1553.581,250.145,691.183,6007.292,551.808,895.385,6661.597,381.079
7312.88,8622.08,14853.57,5569.507,7369.966,6127.652,594.078,32702.878,13603.589,29969.164,7569.166,1239.085,7830.964,17423.688,14288.358,1083.702,318.137,54871.106,1107.729,13119.538,3307.826,697.868,1810.708,988.997,11719.693,951.903,1463.599,210.567,703.715,5819.238,553.919,910.521,6786.841,384.709
7606.391,8655.101,15181.277,5448.806,7537.945,6191.792,587.561,32632.905,13865.445,29586.065,7501.41,1211.192,7918.137,17792.218,14650.693,1088.105,328.856,54353.388,1129.63,12971.208,3233.77,715.783,1786.439,1001.194,12311.211,978.203,1491.028,207.385,698.285,5741.208,575.338,960.602,7537.731,374.602
7487.563,8204.187,14789.009,5416.102,7053.539,5485.501,551.777,31818.326,13097.968,29541.476,7186.816,1197.039,7638.319,17546.682,14337.99,1059.709,319.625,50368.63,1026.435,12441.611,2930.274,705.639,1731.418,956.8,11799.856,983.553,1520.452,187.891,640.998,5562.164,535.19,964.533,6089.708,382.539
7668.259,8011.825,14679.287,5345.581,6855.521,5775.168,549.222,31318.612,11812.318,28834.264,7041.36,1127.24,7303.546,17167.739,14045.723,1054.71,312.424,53793.498,1095.1,12300.24,2951.903,733.53,1737.843,958.271,11746.06,978.618,1464.579,171.731,620.777,5343.638,548.578,959.624,6121.461,378.224
7871.617,8074.483,15168.916,5362.192,6858.506,5412.093,549.086,32141.909,10535.43,28949.548,7489.688,1128.706,7559.426,18124.167,14891.016,1088.005,335.391,54162.626,1098.906,12455.361,3030.077,745.271,1750.405,912.707,11217.549,990.053,1437.964,161.676,604.975,5504.071,556.364,972.291,5834.515,388.604
7847.602,7857.156,14460.185,5286.209,6728.041,5289.228,566.01,30722.484,9835.588,27247.48,7158.714,1036.938,7192.933,17505.578,14446.492,1038.482,325.611,51930.079,1057.49,12385.555,2716.07,700.858,1743.089,856.408,10356.892,990.611,1308.466,144.648,591.809,5106.834,544.263,903.102,5188.98,387.692
7626.069,7777.693,14557.745,5409.709,6171.601,5195.288,550.883,31388.394,9955.071,27764.364,7290.431,1037.084,7245.608,17528.354,15087.264,1049.855,312.968,54802.528,1105.807,12126.96,2500.873,756.524,1722.755,834.357,9735.243,1059.671,1259.712,143.289,606.183,4779.409,549.863,933.871,4855.853,383.269
8072.21,8266.271,15225.913,5738.252,6540.258,5594.105,574.798,33530.14,10625.177,30116.567,7733.638,1123.934,7719.174,18699.669,15868.846,1094.15,356.061,54545.51,1113.172,12125.919,2910.463,770.583,1759.954,862.848,10459.76,1075.202,1281.558,157.949,609.83,5121.081,570.008,940.757,4995.097,383.423
7955.684,7782.902,15203.031,5832.981,6332.418,5454.873,557.76,32451.251,10067.079,31792.19,7757.259,1107.818,7535.384,18369.793,15307.79,1067.273,338.035,55046.599,1092.828,12150.63,2802.681,738.675,1785.971,842.665,10155.876,1091.425,1269.179,155.158,617.615,5078.792,565.751,925.217,4432.813,422.953
8028.432,8321.683,15857.137,6039.846,6776.015,5518.3,564.831,33187.535,11251.288,33587.331,7748.067,1153.681,7927.568,19140.821,15551.456,1054.262,360.215,60073.268,1151.766,13005.886,3093.399,690.368,1612.845,874.354,10249.822,1061.788,1401.827,171.825,658.643,5256.599,591.306,927.096,5179.283,419.054
8135.42,8312.629,16067.81,6119.129,6471.511,5366.287,526.12,32899.502,10884.539,33325.082,7560.541,1169.675,7803.164,19325.841,15618.788,1058.499,360.842,59766.999,1055.973,12308.284,3008.321,709.902,1658.04,818.801,10290.085,1049.103,1307.772,165.244,621.071,5088.712,590.215,891.545,4571.427,420.279
7981.335,8016.29,15409.428,6015.089,6285.098,5120.36,485.488,31689.667,10458.235,32547.955,7363.981,1141.443,7608.709,18924.916,15550.443,1033.873,366.909,58109.312,1086.02,12144.71,2897.09,711.989,1539.228,776.229,10197.227,1038.514,1260.657,159.397,594.726,4980.651,572.694,894.673,4743.794,417.404
8140.837,8155.13,16094.179,6043.473,6058.628,5109.508,493.505,32070.683,10145.062,34533.736,7561.907,1188.649,7986.071,19742.165,15874.497,1072.923,384.139,57140.863,1022.892,11569.504,2997.067,724.631,1468.659,773.369,9938.851,1024.03,1221.305,159.244,546.959,5167.657,532.554,825.988,4164.727,471.743
7646.982,7549.688,15000.554,5692.458,5670.004,4527.621,465.543,30108.251,8969.078,32750.952,6994.333,1125.408,7424.914,18122.535,14765.303,989.368,377.401,49796.769,947.066,10230.889,2763.466,660.99,1343.155,655.9,9292.8,951.013,1179.777,147.379,515.478,4795.656,491.257,778.362,3576.011,434.917
7444.467,7213.587,14340.333,5311.505,5406.462,4337.436,453.341,28786.65,8464.77,31769.295,6562.031,1092.771,7121.204,17259.524,14330.232,976.753,355.567,48721.32,884.693,9779.781,2640.357,664.001,1166.914,634.705,8982.434,932.852,1128.047,141.172,524.53,4431.73,478.686,738.05,3151.541,394.732
8058.738,7739.221,14976.133,5847.609,5636.934,4590.653,521.794,30203.039,9060.302,31918.197,7258.976,1142.141,7719.77,18653.329,15730.097,1071.468,369.066,52895.917,948.765,10706.789,2835.053,674.428,1351.22,670.585,9625.536,956.347,1115.365,149.926,583.698,4748.328,505.365,777.398,3315.379,423.213
8086.848,7563.41,14493.836,5789.541,5526.458,4628.806,506.066,30198.602,8981.022,32915.825,7259.722,1106.058,7493.114,18300.962,16510.724,1071.816,379.811,51241.204,884.589,10128.622,2871.141,642.22,1341.425,679.962,9356.893,921.998,994.348,140.102,563.219,4579.028,488.359,749.849,3211.296,419.925
7950.974,7266.841,14633.224,5809.488,5140.819,4772.239,535.716,29495.888,8436.56,33899.342,7067.516,1067.901,7249.268,17805.566,16322.121,1070.952,380.479,51648.734,791.71,10196.219,2821.209,657.938,1410.458,684.629,8882.265,928.681,982.504,147.361,554.55,4320.722,484.568,692.486,3051.992,430.639
7528.367,6828.775,13534.317,5331.668,5015.176,4365.285,491.687,27165.563,7985.447,32364.973,6441.736,923.122,6919.705,17308.235,15909.316,1030.656,351.645,46844.938,762.16,9277.92,2552.868,612.66,1433.805,701.607,8581.871,882.668,913.004,143.58,523.526,3984.886,462.332,721.018,2828.861,397.661
7512.496,6770.562,13291.55,5185.765,5208.152,4325.919,519.385,27511.663,8128.038,31610.24,6276.571,875.07,6847.82,17050.563,14775.058,964.67,349.105,46783.971,764.623,9593.507,2522.264,567.316,1521.431,687.899,8663.441,879.515,952.63,132.977,511.354,3841.606,481.246,753.398,3006.463,388.164
8027.008,7098.466,13884.722,5439.106,5731.439,4874.335,600.08,29541.343,8590.211,33710.881,6896.595,943.358,7264.571,18406.076,15928.812,1018.329,365.563,51362.152,902.111,10711.877,2806.604,641.516,1569.772,775.308,9637.092,995.741,1118.913,152.13,583.441,4148.454,521.964,810.461,3924.372,387.302
8066.671,7344.307,14319.42,5692.034,6119.819,5013.699,615.045,30195.038,9266.893,34473.971,6983.331,970.451,7407.088,18452.207,16191.353,1016.662,364.094,51846.057,940.391,10769.96,2939.567,644.568,1553.226,755.595,9618.508,964.04,1032.323,157.178,580.846,4365.965,494.24,816.532,4332.531,397.067
8214.231,7309.668,14313.718,5632.769,5911.283,4893.695,613.701,29481.932,9038.44,35019.57,6945.14,936.56,7430.927,18689.387,16543.49,1015.851,372.83,51389.569,851.984,10300.22,2752.771,656.683,1496.652,699.89,8865.949,1007.78,948.715,152.589,553.598,4259.371,502.897,818.327,3741.562,378.858
8235.481,7047.361,14227.269,5495.32,5938.156,4900.073,635.256,28178.91,8858.407,33544.828,6553.067,852.124,7007.909,17525.275,16376.124,1008.143,329.551,51845.451,917.566,10749.917,2535.566,665.398,1639.665,729.354,8968.175,1054.628,925.077,149.185,576.378,3839.978,527.189,834.118,4471.233,373.25
8548.023,7242.33,14577.389,5851.638,6142.21,5300.082,701.94,29227.153,8816.548,35008.159,7040.394,888.539,7398.806,18371.691,16634.237,1060.626,342.845,55390.041,998.738,10774.986,2747.119,703.163,1734.44,723.281,8947.045,1076.852,953.327,157.786,611.577,4090.251,563.674,894.921,4917.844,394.815
8560.956,7255.053,14485.263,5874.322,6164.205,5162.588,716.969,29682.585,9030.265,32813.265,7181.519,894.95,7361.269,18923.035,16519.609,1045.347,361.573,55981.411,922.107,10561.554,2813.848,711.311,1759.879,740.073,9072.987,1059.028,970.76,158.151,631.014,4143.944,575.187,927.722,4962.173,381.208
8570.215,7328.723,14605.432,5976.507,6237.171,5289.454,717.159,30286.008,9421.773,31474.801,7209.747,872.029,7458.295,19142.271,17199.104,1082.965,354.271,58024.171,976.241,10735.5,2963.16,704.798,1796.114,718.302,8770.85,999.608,956.47,158.839,639.629,4202.944,592.294,895.171,4979.416,366.415
8407.798,6951.38,13813.14,6055.342,6185.108,5177.068,676.082,28738.759,9355.425,29513.73,7100.479,886.877,7411.211,18698.613,15725.35,1010.501,335.424,57363.051,966.609,10302.023,3083.949,701.316,1795.761,717.198,9207.61,972.038,988.797,156.783,616.279,4340.547,600.842,874.707,5676.986,341.216
8711.439,6975.637,13473.906,5909.31,6335.137,5195.728,656.677,28787.179,9350.394,27366.938,6837.868,855.133,7280.229,18069.649,14914.919,980.708,339.568,56426.081,889.416,10528.173,3029.024,649.02,1571.845,654.801,8036.041,864.708,914.839,145.727,600.296,3972.38,586.993,861.674,5041.378,325.817
8873.983,7264.233,14041.62,5967.906,6451.331,5329.168,639.223,30059.544,9668.534,28738.353,7314.576,966.396,7685.512,18745.419,15218.377,1035.321,354.788,52818.71,937.453,10345.838,3155.971,648.512,1657.63,657.983,8084.592,872.044,989.269,154.207,605.838,4300.163,579.487,879.536,5089.057,325.319
9057.802,7357.992,14605.03,6190,6695.358,5556.53,695.636,31777.176,10306.752,30015.123,7542.93,942.415,7731.936,19068.454,15233.669,1028.388,356.568,56898.408,963.952,11209.711,3327.938,676.731,1658.506,678.357,8262.964,922.16,1092.727,153.201,652.587,4420.032,608.202,912.462,5636.079,328.097
9413.932,7506.416,14831.328,6259.571,6591.78,5766.114,695.147,31749.138,10048.154,29876.118,7596.975,939.437,7760.25,19772.386,15527.419,1063.432,355.263,58048.426,981.192,11485.432,3327.296,716.692,1697.595,690.516,8543.739,912.688,1148.868,155.517,672.773,4442.94,636.605,918.67,5884.228,342.031
9427.218,7631.688,15281.777,6244.964,6624.468,5915.952,654.135,33060.146,9813.843,30626.399,7938.006,1026.772,8250.145,20873.411,16002.819,1115.051,368.604,59899.125,980.175,11740.237,3442.887,759.54,1775.013,712.553,9382.595,927.38,1164.826,166.927,708.214,4939.567,647.744,955.842,5619.897,343.661
9529.124,7790.307,15865.895,6310.514,6487.564,5874.544,659.885,34640.983,9835.551,33006.597,8179.811,1050.652,8699.626,21767.394,16537.281,1191.409,381.846,61745.763,1034.155,11775.649,3775.807,774.196,1834.124,740.108,9466.372,980.318,1298.425,167.24,715.305,5168.382,661.048,956.974,5620.12,345.64